Frequency_GHz,Phase00_deg,Phase01_deg,Phase10_deg,Phase11_deg,SelectedPhaseDifference_deg
8,-94.2197907597947,13.8616971694124,-94.3405528242768,26.5509977713306,-120.891550595607
8.004,-94.5583870604154,13.414647474464,-94.680117800252,26.031065702029,-120.711183502281
8.008,-94.8976283242759,12.9714735534442,-95.0203423303904,25.5155590366333,-120.535901367024
8.012,-95.2375151736239,12.5320997771334,-95.3612270293016,25.0044172602577,-120.365644289559
8.016,-95.5780482136435,12.0964523034172,-95.7027724942834,24.4975802970579,-120.200352791341
8.02,-95.9192280322354,11.6644590278866,-96.0449793050977,23.9949885318594,-120.039967836957
8.024,-96.2610551997938,11.2360495359439,-96.3878480237434,23.4965828301782,-119.884430853922
8.028,-96.6035302689848,10.8111550563411,-96.7313791942295,23.0023045566854,-119.733683750915
8.032,-96.9466537745199,10.3897084161276,-97.0755733423469,22.5120955921879,-119.587668934535
8.036,-97.2904262329345,9.97164399695423,-97.4204309754409,22.0258983491701,-119.446329324611
8.04,-97.634848142362,9.55689769268973,-97.7659525821807,21.5436557859755,-119.309608368156
8.044,-97.9799199823058,9.14540686831381,-98.1121386323295,21.0653114196697,-119.177450051999
8.048,-98.3256422134146,8.73711032004825,-98.4589895765128,20.5908093376583,-119.049798914171
8.052,-98.6720152772552,8.33194823667481,-98.8065058459883,20.1200942081011,-118.926600054089
8.056,-99.0190395960821,7.92986216202335,-99.1546878524117,19.6531112891976,-118.807799141609
8.06,-99.3667155726133,7.53079495857083,-99.5035359876049,19.1898064373769,-118.693342424982
8.064,-99.7150435897948,7.13469077213364,-99.8530506233227,18.7301261144674,-118.58317673779
8.068,-100.064024010577,6.74149499760911,-100.203232111018,18.2740173938778,-118.477249504895
8.072,-100.413657177682,6.35115424573625,-100.554080781605,17.821427965857,-118.375508747462
8.076,-100.76394341337,5.96361631084209,-100.905596945228,17.3723061418723,-118.277903087101
8.08,-101.114883019214,5.57883013954457,-101.257780891026,16.9266008581498,-118.184381749176
8.084,-101.466476275863,5.19674580037843,-101.610632886889,16.4842616784396,-118.094894565329
8.088,-101.818723442813,4.81731445431698,-101.964153179231,16.0452387960259,-118.009391975257
8.092,-102.171624758173,4.44048832616065,-102.318341992748,15.609483035049,-117.927825027797
8.096,-102.525180438433,4.06622067676444,-102.673199530179,15.1769458511607,-117.85014538134
8.1,-102.879390678233,3.69446577607732,-103.028725972076,14.7475793315659,-117.776305303642
8.104,-103.234255650125,3.32517887696823,-103.384921476555,14.3213361944785,-117.706257671034
8.108,-103.589775504346,2.95831618981367,-103.741786179071,13.8981697880388,-117.63995596711
8.112,-103.945950368577,2.59383485782219,-104.099320192167,13.4780340887156,-117.577354280882
8.116,-104.30278034772,2.23169293307141,-104.457523605246,13.0608836992331,-117.518407304479
8.12,-104.66026552365,1.87184935323689,-104.816396484324,12.646673846058,-117.463070330382
8.124,-105.018405954997,1.5142639189887,-105.175938871802,12.2353603764679,-117.411299248269
8.128,-105.3772016769,1.15889727203658,-105.536150786214,11.826899755236,-117.36305054145
8.132,-105.736652700779,0.805710873799201,-105.897032222001,11.4212490609583,-117.318281282959
8.136,-106.096759014101,0.454666984682537,-106.258583149266,11.0183659820551,-117.276949131321
8.14,-106.457520580146,0.10572864394358,-106.620803513538,10.6182088124646,-117.239012326003
8.144,-106.818937337773,-0.241140349876153,-106.983693235531,10.2207364470501,-117.204429682581
8.148,-107.181009201189,-0.585975457968645,-107.34725221091,9.82590837676048,-117.17316058767
8.152,-107.543736059716,-0.928811419743329,-107.711480310051,9.43368468354271,-117.145164993594
8.156,-107.907117777556,-1.26968227079621,-108.076377377808,9.04402603504426,-117.120403412852
8.16,-108.271154193563,-1.6086213603794,-108.441943233265,8.65689367912187,-117.098836912387
8.164,-108.635845121009,-1.94566136838863,-108.808177669516,8.2722494381621,-117.080427107678
8.168,-109.001190347352,-2.2808343218821,-109.175080453414,7.89005570325281,-117.065136156667
8.172,-109.367189634009,-2.61417161114739,-109.542651325344,7.51027542820218,-117.052926753546
8.176,-109.733842716122,-2.94570400532919,-109.910889998985,7.13287212343507,-117.04376212242
8.18,-110.101149302334,-3.27546166763467,-110.279796161078,6.75780984977023,-117.037606010848
8.184,-110.469109074552,-3.60347417012699,-110.649369471188,6.38505321210171,-117.03442268329
8.188,-110.83772168773,-3.92977050812148,-111.019609561478,6.01456735299109,-117.034176914469
8.192,-111.206986769632,-4.25437911419724,-111.390516036467,5.64631794618862,-117.036833982656
8.196,-111.57690392061,-4.57732787183681,-111.762088472811,5.28027119008514,-117.042359662896
8.2,-111.947472713381,-4.8986441287043,-112.134326419063,4.91639380112026,-117.050720220183
8.204,-112.318692692798,-5.21835470957434,-112.507229395445,4.55465300714302,-117.061882402588
8.208,-112.690563375628,-5.53648592892254,-112.880796893626,4.19501654073808,-117.075813434364
8.212,-113.063084250335,-5.85306360318868,-113.255028376486,3.83745263253954,-117.092481009025
8.216,-113.436254776847,-6.16811306272074,-113.629923277896,3.48193000451797,-117.111853282414
8.22,-113.810074386349,-6.48165916341048,-114.00548100249,3.12841786326539,-117.133898865756
8.224,-114.184542481055,-6.79372629803002,-114.381700925444,2.77688589328424,-117.158586818728
8.228,-114.559658433998,-7.10433840727837,-114.758582392249,2.42730425027699,-117.185886642526
8.232,-114.935421588805,-7.41351899053902,-115.136124718494,2.07964355445362,-117.215768272948
8.236,-115.311831259491,-7.72129111636819,-115.514327189647,1.73387488385781,-117.248202073505
8.24,-115.688886730239,-8.02767743270696,-115.893189060832,1.38996976771756,-117.283158828549
8.244,-116.066587255194,-8.33270017683035,-116.272709556616,1.04790017982663,-117.320609736443
8.248,-116.444932058251,-8.63638118503392,-116.652887870794,0.707638531960179,-117.360526402754
8.252,-116.823920332843,-8.93874190206555,-117.033723166178,0.369157667330623,-117.402880833508
8.256,-117.203551241738,-9.23980339029321,-117.415214574376,0.032430854086381,-117.447645428462
8.26,-117.583823916838,-9.5395863386238,-117.797361195597,-0.302568221143364,-117.494792974453
8.264,-117.964737458968,-9.83811107115391,-118.180162098429,-0.635865459652479,-117.544296638776
8.268,-118.346290937678,-10.1353975555598,-118.563616319644,-0.967486357008003,-117.596129962636
8.272,-118.728483391049,-10.4314654112107,-118.947722863988,-1.29745600934324,-117.650266854645
8.276,-119.111313825488,-10.7263339169987,-119.332480703981,-1.62579911959535,-117.706681584386
8.28,-119.494781215539,-11.0200220188607,-119.717888779718,-1.95254000367693,-117.765348776042
8.284,-119.878884503691,-11.3125483369796,-120.103945998672,-2.27770259658827,-117.826243402084
8.288,-120.26362260018,-11.6039311726226,-120.490651235497,-2.60131045846039,-117.889340777036
8.292,-120.648994382811,-11.8941885145926,-120.878003331838,-2.92338678053411,-117.954616551304
8.296,-121.034998696765,-12.1833380452281,-121.266001096139,-3.24395439106961,-118.02204670507
8.3,-121.421634354422,-12.4713971459034,-121.654643303457,-3.56303576118367,-118.091607542274
8.304,-121.808900135174,-12.7583829019396,-122.043928695276,-3.88065301062024,-118.163275684656
8.308,-122.196794785252,-13.0443121068378,-122.433855979322,-4.19682791344417,-118.237028065877
8.312,-122.585317017549,-13.3292012657053,-122.824423829388,-4.51158190366433,-118.312841925724
8.316,-122.974465511446,-13.6130665977258,-123.215630885155,-4.82493608078187,-118.390694804373
8.32,-123.364238912647,-13.8959240374867,-123.607475752018,-5.13691121526461,-118.470564536754
8.324,-123.754635833006,-14.1777892349272,-123.999957000914,-5.44752775394505,-118.552429246969
8.328,-124.145654850369,-14.4586775536252,-124.393073168155,-5.75680582534238,-118.636267342813
8.332,-124.537294508409,-14.738604067061,-124.786822755265,-6.06476524491206,-118.722057510353
8.336,-124.929553316471,-15.0175835524394,-125.181204228812,-6.37142552021446,-118.809778708598
8.34,-125.322429749415,-15.2956304815222,-125.576216020257,-6.67680585600821,-118.899410164249
8.344,-125.715922247468,-15.572759007847,-125.971856525795,-6.98092515927106,-118.990931366524
8.348,-126.110029216074,-15.8489829495502,-126.368124106203,-7.283802044137,-119.084322062066
8.352,-126.504749025748,-16.1243157668599,-126.765017086688,-7.58545483676535,-119.179562249923
8.356,-126.900080011939,-16.3987705331748,-127.162533756755,-7.88590158012332,-119.276632176632
8.36,-127.296020474891,-16.6723598984271,-127.560672370048,-8.1851600387033,-119.375512331345
8.364,-127.692568679507,-16.9450960432787,-127.959431144227,-8.4832477031529,-119.476183441075
8.368,-128.089722855219,-17.2169906225027,-128.358808260827,-8.78018179483835,-119.578626465989
8.372,-128.487481195865,-17.4880546958041,-128.758801865129,-9.07597927032388,-119.682822594805
8.376,-128.885841859564,-17.7582986443438,-129.159410066034,-9.370656825785,-119.788753240249
8.38,-129.284802968597,-18.0277320714168,-129.560630935944,-9.66423090133505,-119.896400034609
8.384,-129.684362609291,-18.2963636862948,-129.962462510638,-9.9567176852869,-120.005744825351
8.388,-130.084518831913,-18.5642011713178,-130.364902789162,-10.2481331183326,-120.11676967083
8.392,-130.48526965056,-18.8312510341815,-130.767949733722,-10.5384928976538,-120.229456836068
8.396,-130.886613043055,-19.0975184503922,-131.17160126957,-10.8278124809528,-120.343788788617
8.4,-131.288546950851,-19.3630071053914,-131.575855284913,-11.1161070904139,-120.459748194499
8.404,-131.691069278938,-19.6277190523584,-131.980709630807,-11.4033917165884,-120.577317914218
8.408,-132.094177895753,-19.8916546104157,-132.386162121073,-11.6896811222078,-120.696480998865
8.412,-132.497870633094,-20.1548123388002,-132.792210532203,-11.9749898459191,-120.817220686283
8.416,-132.902145286039,-20.4171891347013,-133.198852603279,-12.2593322059538,-120.939520397325
8.42,-133.306999612872,-20.6787805136218,-133.606086035899,-12.5427223037148,-121.063363732184
8.424,-133.71243133501,-20.9395811372587,-134.013908494095,-12.8251740272995,-121.188734466795
8.428,-134.11843813694,-21.1995856485811,-134.422317604272,-13.1067010549421,-121.31561654933
8.432,-134.525017666154,-21.4587898489376,-134.83131095514,-13.3873168583814,-121.443994096758
8.436,-134.932167533091,-21.7171921999777,-135.240886097657,-13.6670347061646,-121.573851391492
8.44,-135.339885311089,-21.9747955513188,-135.651040544973,-13.9458676668643,-121.705172878109
8.444,-135.748168536337,-22.2316088917327,-136.061771772386,-14.2238286122274,-121.837943160159
8.448,-136.15701470783,-22.4876488223224,-136.473077217295,-14.5009302202508,-121.972146997044
8.452,-136.56642128734,-22.7429403955414,-136.884954279159,-14.7771849781718,-122.107769300987
8.456,-136.976385699375,-22.9975169981731,-137.297400319472,-15.0526051853935,-122.244795134079
8.46,-137.386905331159,-23.2514191039098,-137.71041266173,-15.3272029563209,-122.38320970541
8.464,-137.797977532611,-23.5046919620036,-138.123988591409,-15.6009902231233,-122.522998368286
8.468,-138.209599616326,-23.7573825525864,-138.538125355951,-15.8739787384153,-122.664146617535
8.472,-138.621768857568,-24.00953633042,-138.952820164751,-16.1461800778503,-122.8066400869
8.476,-139.034482494265,-24.2611943220623,-139.368070189153,-16.4176056426389,-122.950464546514
8.48,-139.44773772701,-24.512391023072,-139.783872562451,-16.6882666619633,-123.095605900487
8.484,-139.861531719065,-24.7631533159551,-140.200224379892,-16.9581741953204,-123.242050184572
8.488,-140.275861596378,-25.0135003852812,-140.617122698693,-17.2273391347557,-123.389783563937
8.492,-140.690724447599,-25.2634444222837,-141.034564538054,-17.4957722070095,-123.538792331044
8.496,-141.106117324101,-25.5129918244286,-141.452546879185,-17.7634839755562,-123.689062903629
8.5,-141.522037240014,-25.762144599181,-141.871066665334,-18.0304848425413,-123.840581822793
8.504,-141.938481172258,-26.010901743071,-142.290120801825,-18.2967850506063,-123.993335751219
8.508,-142.355446060587,-26.2592604501771,-142.709706156098,-18.5623946845958,-124.147311471503
8.512,-142.772928807634,-26.5072170811626,-143.129819557758,-18.8273236731405,-124.302495884618
8.516,-143.190926278963,-26.7547678813627,-143.550457798628,-19.0915817901131,-124.458876008515
8.52,-143.609435303134,-27.0019094715849,-143.971617632811,-19.3551786559387,-124.616438976872
8.524,-144.028452671766,-27.2486391518999,-144.393295776759,-19.6181237387635,-124.775172037995
8.528,-144.447975139605,-27.4949550625299,-144.815488909339,-19.8804263554608,-124.935062553879
8.532,-144.867999424609,-27.7408562423717,-145.238193671922,-20.1420956724688,-125.096097999453
8.536,-145.288522208029,-27.9863426188222,-145.661406668462,-20.403140706448,-125.258265962014
8.54,-145.7095401345,-28.2314149549207,-146.085124465592,-20.6635703247421,-125.42155414085
8.544,-146.131049812136,-28.4760747727954,-146.509343592719,-20.9233932456278,-125.585950347092
8.548,-146.553047812638,-28.7203242665675,-146.934060542137,-21.1826180383395,-125.751442503797
8.552,-146.975530671399,-28.9641662133814,-147.359271769129,-21.4412531228544,-125.918018646275
8.556,-147.398494887624,-29.2076038878922,-147.784973692097,-21.6993067694102,-126.085666922687
8.56,-147.821936924452,-29.4506409832397,-148.211162692678,-21.9567870977459,-126.254375594932
8.564,-148.245853209082,-29.6932815399451,-148.637835115882,-22.2137020760432,-126.424133039839
8.568,-148.670240132914,-29.9355298831661,-149.064987270226,-22.4700595195432,-126.594927750683
8.572,-149.095094051687,-30.1773905681132,-149.492615427886,-22.7258670888276,-126.766748339059
8.576,-149.520411285631,-30.4188683330858,-149.920715824843,-22.9811322877377,-126.939583537106
8.58,-149.946188119619,-30.6599680593993,-150.349284661047,-23.2358624609192,-127.113422200128
8.584,-150.372420803333,-30.9006947374309,-150.778318100577,-23.4900647909842,-127.288253309593
8.588,-150.799105551431,-31.1410534379939,-151.207812271823,-23.7437462952767,-127.464065976547
8.592,-151.226238543724,-31.3810492883261,-151.637763267657,-23.9969138222565,-127.6408494454
8.596,-151.653815925352,-31.6206874520156,-152.068167145624,-24.2495740475175,-127.818593098106
8.6,-152.081833806983,-31.8599731122865,-152.499019928133,-24.5017334694788,-127.997286458654
8.604,-152.510288265001,-32.0989114581235,-152.930317602662,-24.7533984048193,-128.176919197843
8.608,-152.939175341711,-32.3375076727887,-153.36205612196,-25.0045749837575,-128.357481138203
8.612,-153.368491045546,-32.5757669243588,-153.794231404263,-25.255269145341,-128.538962258922
8.616,-153.798231351287,-32.8136943579506,-154.226839333517,-25.5054866329633,-128.721352700554
8.62,-154.228392200279,-33.0512950893647,-154.659875759604,-25.7552329904236,-128.90464276918
8.624,-154.658969500669,-33.2885741999136,-155.093336498577,-26.0045135589615,-129.088822939616
8.628,-155.089959127631,-33.5255367322444,-155.527217332904,-26.2533334758451,-129.273883857059
8.632,-155.521356923621,-33.7621876869908,-155.961514011714,-26.5016976752844,-129.459816336429
8.636,-155.953158698613,-33.9985320201124,-156.396222251056,-26.7496108926806,-129.646611358375
8.64,-156.385360230367,-34.2345746408191,-156.831337734158,-26.9970776735261,-129.834260060632
8.644,-156.817957264684,-34.4703204099698,-157.266856111701,-27.24410238863,-130.022753723071
8.648,-157.250945515681,-34.7057741388786,-157.702773002092,-27.4906892577768,-130.212083744316
8.652,-157.684320666061,-34.9409405884516,-158.13908399175,-27.7368423844389,-130.402241607311
8.656,-158.118078367403,-35.1758244686071,-158.575784635393,-27.9825658047016,-130.593218830691
8.66,-158.552214240443,-35.4104304379184,-159.012870456338,-28.2278635541375,-130.785006902201
8.664,-158.98672387538,-35.6447631034614,-159.450336946806,-28.4727397569029,-130.977597189903
8.668,-159.421602832168,-35.8788270208082,-159.88817956823,-28.7171987416729,-131.170980826557
8.672,-159.856846640837,-36.1126266941627,-160.326393751572,-28.9612451890857,-131.365148562486
8.676,-160.292450801795,-36.3461665765993,-160.764974897651,-29.2048843148284,-131.560090582823
8.68,-160.728410786165,-36.5794510703908,-161.203918377472,-29.44812209101,-131.755796286462
8.684,-161.164722036101,-36.8124845274126,-161.643219532563,-29.6909655057099,-131.952254026853
8.688,-161.601379965133,-37.0452712496004,-162.082873675319,-29.9334228559365,-132.149450819382
8.692,-162.0383799585,-37.2778154894629,-162.522876089357,-30.1755040624295,-132.347372026927
8.696,-162.475717373505,-37.5101214506236,-162.963222029868,-30.4172209854967,-132.546001044371
8.7,-162.913387539868,-37.7421932884016,-163.403906723985,-30.6585877097292,-132.745319014256
8.704,-163.351385760081,-37.9740351104096,-163.844925371153,-30.8996207531904,-132.945304617963
8.708,-163.789707309783,-38.2056509771704,-164.286273143503,-31.1403391458082,-133.145933997695
8.712,-164.228347438126,-38.4370449027503,-164.72794518624,-31.3807643159357,-133.347180870305
8.716,-164.667301368158,-38.6682208553922,-165.169936618029,-31.6209197279442,-133.549016890085
8.72,-165.106564297207,-38.8991827581655,-165.612242531392,-31.8608302319115,-133.751412299481
8.724,-165.546131397273,-39.1299344896108,-166.054857993112,-32.1005211213506,-133.954336871761
8.728,-165.985997815422,-39.3604798843864,-166.497778044637,-32.340016944754,-134.157761099884
8.732,-166.426158674196,-39.5908227339144,-166.940997702501,-32.5793401734568,-134.361657529045
8.736,-166.866609072011,-39.8209667870243,-167.384511958738,-32.8185098781806,-134.566002080557
8.74,-167.307344083583,-40.0509157505891,-167.82831578131,-33.0575405931943,-134.770775188116
8.744,-167.748358760339,-40.2806732901582,-168.272404114541,-33.2964415374503,-134.975962577091
8.748,-168.18964813085,-40.510243030584,-168.716771879556,-33.5352163129711,-135.181555566585
8.752,-168.631207201258,-40.739628556641,-169.16141397472,-33.773863122016,-135.387550852704
8.756,-169.073030955713,-40.9688334136328,-169.606325276092,-34.0123754562761,-135.593949819816
8.76,-169.515114356818,-41.1978611080006,-170.051500637877,-34.2507431370443,-135.800757500833
8.764,-169.957452346075,-41.426715107912,-170.496934892889,-34.4889535427876,-136.007981350102
8.768,-170.400039844335,-41.6553988438497,-170.942622853015,-34.726992856123,-136.215629996892
8.772,-170.842871752262,-41.8839157091866,-171.388559309684,-34.9648471901083,-136.423712119576
8.776,-171.285942950791,-42.1122690607514,-171.834739034352,-35.2025035007553,-136.632235533597
8.78,-171.729248301597,-42.34046221939,-172.281156778971,-35.4399502437164,-136.841206535254
8.784,-172.17278264757,-42.5684984705104,-172.727807276486,-35.6771777767332,-137.050629499753
8.788,-172.616540813289,-42.7963810646232,-173.174685241322,-35.9141785394771,-137.260506701844
8.792,-173.060517605508,-43.0241132178748,-173.621785369878,-36.1509470581358,-137.470838311742
8.796,-173.504707813638,-43.2516981125641,-174.069102341034,-36.3874798257982,-137.681622515236
8.8,-173.949106210245,-43.479138897655,-174.516630816652,-36.6237751054566,-137.892855711195
8.804,-174.393707551539,-43.7064386892825,-174.964365442088,-36.8598326939087,-138.104532748179
8.808,-174.838506577877,-43.9336005712434,-175.412300846705,-37.0956536750883,-138.316647171616
8.812,-175.28349801427,-44.1606275954826,-175.860431644394,-37.331240182171,-138.529191462223
8.816,-175.728676570884,-44.3875227825705,-176.308752434096,-37.5665951801547,-138.742157253941
8.82,-176.174036943559,-44.6142891221696,-176.757257800329,-37.8017222748538,-138.955535525475
8.824,-176.61957381432,-44.8409295734951,-177.205942313719,-38.0366255501566,-139.169316763563
8.828,-177.065281851901,-45.0674470657664,-177.654800531536,-38.2713094327981,-139.383491098738
8.832,-177.511155712266,-45.2938444986491,-178.103826998232,-38.5057785823683,-139.598048415864
8.836,-177.957190039133,-45.5201247426918,-178.553016245982,-38.7400378035387,-139.812978442444
8.84,-178.40337946451,-45.7462906397542,-179.002362795233,-38.9740919772716,-140.028270817961
8.844,-178.849718609225,-45.9723450034244,-179.451861155247,-39.2079460078728,-140.243915147375
8.848,-179.296202083462,-46.1982906194346,-179.901505824664,-39.4416047830053,-140.459901041658
8.852,-179.742824487301,-46.4241302460635,-180.351291292044,-39.675073144159,-140.676218147885
8.856,-180.189580411264,-46.6498666145355,-180.801212036436,-39.908355865417,-140.89285617102
8.86,-180.636464436852,-46.8755024294107,-181.251262527937,-40.1414576387356,-141.109804889201
8.864,-181.083471137102,-47.10104036897,-181.70143722825,-40.3743830642675,-141.327054163983
8.868,-181.530595077132,-47.3264830855905,-182.151730591259,-40.6071366445437,-141.544593946715
8.872,-181.977830814693,-47.5518332061167,-182.60213706359,-40.8397227815679,-141.762414282023
8.876,-182.425172900728,-47.7770933322248,-183.052651085192,-41.0721457760715,-141.98050530912
8.88,-182.872615879926,-48.0022660407786,-183.503267089898,-41.3044098283538,-142.198857261544
8.884,-183.320154291281,-48.2273538841835,-183.953979506012,-41.5365190402336,-142.417460465779
8.888,-183.767782668654,-48.4523593907278,-184.40478275688,-41.7684774177857,-142.636305339094
8.892,-184.215495541333,-48.6772850649246,-184.855671261469,-42.0002888745817,-142.855382386887
8.896,-184.663287434604,-48.9021333878443,-185.306639434952,-42.2319572352291,-143.074682199723
8.9,-185.111152870305,-49.1269068174413,-185.757681689284,-42.463486239081,-143.294195450203
8.904,-185.559086367405,-49.351607788877,-186.208792433793,-42.6948795439804,-143.513912889813
8.908,-186.007082442563,-49.5762387148338,-186.659966075756,-42.9261407299778,-143.733825345779
8.912,-186.455135610702,-49.8008019858283,-187.111197020993,-43.1572733029592,-143.953923718034
8.916,-186.903240385575,-50.0252999705157,-187.562479674447,-43.3882806981458,-144.174198976301
8.92,-187.351391280341,-50.2497350159892,-188.013808440775,-43.6191662834441,-144.394642157331
8.924,-187.79958280813,-50.4741094480764,-188.465177724934,-43.8499333626298,-144.615244362305
8.928,-188.247809482618,-50.6984255716306,-188.916581932772,-44.0805851783582,-144.835996754414
8.932,-188.6960658186,-50.9226856708109,-189.368015471613,-44.311124915,-145.056890556613
8.936,-189.144346332558,-51.1468920093693,-189.819472750847,-44.5415557013077,-145.277917049539
8.94,-189.592645543238,-51.3710468309215,-190.27094818252,-44.7718806129096,-145.499067569611
8.944,-190.04095797222,-51.5951523592202,-190.722436181923,-45.0021026746488,-145.720333507275
8.948,-190.489278144486,-51.8192107984206,-191.173931168178,-45.2322248627651,-145.941706305412
8.952,-190.937600588998,-52.0432243333438,-191.625427564824,-45.4622501069359,-146.163177457888
8.956,-191.385919839265,-52.2671951297335,-192.076919800412,-45.6921812921796,-146.384738508233
8.96,-191.834230433913,-52.4911253345085,-192.528402309085,-45.9220212606351,-146.60638104845
8.964,-192.282526917255,-52.7150170760139,-192.979869531164,-46.151772813222,-146.828096717942
8.968,-192.73080383986,-52.9388724642666,-193.431315913734,-46.3814387111902,-147.049877202544
8.972,-193.179055759119,-53.162693591192,-193.882735911229,-46.6110216775705,-147.271714233659
8.976,-193.627277239812,-53.3864825308676,-194.334123986011,-46.8405243985332,-147.493599587478
8.98,-194.075462854673,-53.6102413397521,-194.785474608952,-47.0699495246525,-147.7155250843
8.984,-194.52360718495,-53.8339720569152,-195.236782260013,-47.2992996721001,-147.937482587913
8.988,-194.97170482097,-54.0576767042633,-195.688041428821,-47.5285774237596,-148.159464005062
8.992,-195.419750362698,-54.2813572867642,-196.139246615246,-47.7577853302736,-148.381461284972
8.996,-195.867738420291,-54.5050157926614,-196.590392329968,-47.9869259110302,-148.603466418938
9,-196.315663614661,-54.7286541936934,-197.041473095058,-48.2160016550877,-148.82547143997
9.004,-196.763520578018,-54.9522744452998,-197.492483444538,-48.4450150220505,-149.047468422487
9.008,-197.21130395443,-55.1758784868347,-197.94341792495,-48.6739684428936,-149.269449482057
9.012,-197.65900840037,-55.3994682417687,-198.394271095924,-48.9028643207409,-149.491406775183
9.016,-198.106628585256,-55.6230456178906,-198.84503753073,-49.131705031602,-149.713332499128
9.02,-198.554159192,-55.8466125075046,-199.295711816843,-49.3604929250715,-149.935218891771
9.024,-199.001594917548,-56.0701707876278,-199.746288556497,-49.5892303249934,-150.157058231503
9.028,-199.448930473412,-56.2937223201803,-200.196762367231,-49.8179195300875,-150.378842837144
9.032,-199.89616058621,-56.5172689521735,-200.647127882448,-50.0465628145494,-150.600565067898
9.036,-200.343279998196,-56.7408125158983,-201.097379751947,-50.2751624286228,-150.822217323324
9.04,-200.790283467781,-56.9643548291062,-201.547512642475,-50.5037205991415,-151.043792043334
9.044,-201.237165770067,-57.1878976951894,-201.997521238262,-50.7322395300497,-151.265281708212
9.048,-201.683921697358,-57.4114429033589,-202.447400241549,-50.9607214028987,-151.48667883865
9.052,-202.130546059684,-57.6349922288172,-202.897144373125,-51.1891683773237,-151.707975995801
9.056,-202.577033685307,-57.8585474329328,-203.346748372852,-51.4175825914983,-151.929165781354
9.06,-203.023379421233,-58.0821102634065,-203.796207000182,-51.6459661625723,-152.15024083761
9.064,-203.469578133719,-58.3056824544387,-204.245515034679,-51.8743211870924,-152.371193847587
9.068,-203.915624708767,-58.5292657268927,-204.69466727653,-52.1026497414071,-152.592017535123
9.072,-204.361514052624,-58.7528617884574,-205.143658547052,-52.3309538820547,-152.812704664997
9.076,-204.807241092273,-58.9764723338043,-205.592483689199,-52.5592356461399,-153.033248043059
9.08,-205.25280077592,-59.2000990447434,-206.041137568059,-52.7874970516945,-153.253640516364
9.084,-205.698188073474,-59.423743590379,-206.489615071344,-53.0157400980276,-153.473874973317
9.088,-206.143397977028,-59.6474076272588,-206.937911109888,-53.2439667660637,-153.693944343825
9.092,-206.588425501327,-59.8710927995247,-207.386020618123,-53.4721790186687,-153.913841599454
9.096,-207.03326568424,-60.0948007390578,-207.83393855456,-53.7003788009679,-154.133559753592
9.1,-207.477913587219,-60.3185330656246,-208.281659902263,-53.9285680406518,-154.353091861611
9.104,-207.922364295759,-60.5422913870182,-208.729179669317,-54.1567486482751,-154.572431021042
9.108,-208.366612919849,-60.7660772991977,-209.176492889289,-54.3849225175421,-154.791570371747
9.112,-208.810654594416,-60.9898923864294,-209.623594621685,-54.6130915255903,-155.010503096094
9.116,-209.25448447977,-61.2137382214172,-210.070479952401,-54.8412575332634,-155.229222419138
9.12,-209.698097762038,-61.4376163654407,-210.517143994173,-55.0694223853743,-155.447721608799
9.124,-210.141489653594,-61.6615283684856,-210.963581887004,-55.2975879109639,-155.665993976041
9.128,-210.584655393483,-61.8854757693716,-211.409788798614,-55.5257559235543,-155.88403287506
9.132,-211.027590247838,-62.1094600958838,-211.855759924852,-55.7539282213906,-156.101831703461
9.136,-211.470289510299,-62.3334828648935,-212.301490490127,-55.9821065876832,-156.319383902444
9.14,-211.912748502411,-62.5575455824873,-212.74697574782,-56.2102927908374,-156.536682956982
9.144,-212.354962574027,-62.7816497440848,-213.192210980689,-56.4384885846833,-156.753722396006
9.148,-212.79692710371,-63.00579683456,-213.637191501279,-56.6666957086956,-156.970495792584
9.152,-213.23863749911,-63.2299883283606,-214.081912652311,-56.8949158882126,-157.186996764099
9.156,-213.680089197354,-63.4542256896237,-214.526369807074,-57.1231508346472,-157.403218972427
9.16,-214.12127766542,-63.6785103722899,-214.970558369807,-57.3514022456925,-157.619156124115
9.164,-214.562198400501,-63.9028438202168,-215.414473776078,-57.5796718055267,-157.834801970551
9.168,-215.00284693038,-64.1272274672909,-215.858111493148,-57.8079611850113,-158.050150308137
9.172,-215.443218813774,-64.3516627375357,-216.30146702034,-58.0362720418822,-158.265194978458
9.176,-215.883309640694,-64.5761510452214,-216.744535889389,-58.2646060209427,-158.479929868446
9.18,-216.323115032778,-64.8006937949698,-217.187313664794,-58.4929647542495,-158.694348910545
9.184,-216.762630643639,-65.0252923818596,-217.629795944163,-58.7213498612909,-158.908446082872
9.188,-217.20185215919,-65.2499481915297,-218.071978358542,-58.9497629491716,-159.12221540937
9.192,-217.640775297963,-65.4746626002811,-218.513856572745,-59.1782056127824,-159.335650959963
9.196,-218.079395811435,-65.6994369751759,-218.955426285681,-59.4066794349743,-159.548746850706
9.2,-218.517709484332,-65.9242726741371,-219.396683230659,-59.6351859867259,-159.761497243933
9.204,-218.955712134933,-66.1491710460452,-219.837623175702,-59.8637268273101,-159.973896348392
9.208,-219.393399615365,-66.3741334308342,-220.278241923843,-60.0923035044536,-160.18593841939
9.212,-219.830767811897,-66.5991611595849,-220.71853531342,-60.3209175544974,-160.397617758923
9.216,-220.267812645218,-66.8242555546203,-221.158499218358,-60.5495705025516,-160.608928715807
9.22,-220.704530070714,-67.0494179295944,-221.598129548453,-60.7782638626515,-160.819865685801
9.224,-221.140916078736,-67.2746495895836,-222.037422249636,-61.0069991379026,-161.030423111733
9.228,-221.576966694864,-67.4999518311748,-222.476373304242,-61.2357778206335,-161.240595483608
9.232,-222.012677980158,-67.7253259425558,-222.914978731265,-61.4646013925374,-161.450377338728
9.236,-222.448046031408,-67.9507732035981,-223.353234586608,-61.6934713248168,-161.659763261791
9.24,-222.883066981374,-68.1762948859424,-223.79113696332,-61.922389078321,-161.868747884999
9.244,-223.317736999019,-68.4018922530852,-224.228681991837,-62.151356103686,-162.077325888151
9.248,-223.752052289734,-68.6275665604588,-224.665865840206,-62.3803738414679,-162.285491998738
9.252,-224.186009095564,-68.8533190555134,-225.102684714306,-62.6094437222762,-162.49324099203
9.256,-224.619603695411,-69.0791509777969,-225.539134858058,-62.8385671669044,-162.700567691154
9.26,-225.052832405246,-69.3050635590354,-225.975212553634,-63.0677455864583,-162.907466967175
9.264,-225.485691578305,-69.5310580232098,-226.410914121652,-63.2969803824804,-163.113933739171
9.268,-225.918177605279,-69.7571355866326,-226.846235921367,-63.5262729470775,-163.31996297429
9.272,-226.350286914501,-69.9832974580256,-227.281174350859,-63.7556246630382,-163.525549687821
9.276,-226.782015972122,-70.2095448385912,-227.7157258472,-63.9850369039557,-163.730688943245
9.28,-227.213361282279,-70.435878922089,-228.149886886631,-64.2145110343451,-163.935375852286
9.284,-227.644319387263,-70.6623008949067,-228.58365398472,-64.4440484097579,-164.139605574962
9.288,-228.074886867667,-70.8888119361329,-229.017023696515,-64.6736503768984,-164.343373319617
9.292,-228.505060342547,-71.1154132176265,-229.449992616695,-64.9033182737327,-164.546674342962
9.296,-228.934836469553,-71.342105904087,-229.882557379705,-65.1330534296019,-164.749503950103
9.3,-229.364211945069,-71.5688911531232,-230.314714659894,-65.3628571653282,-164.951857494566
9.304,-229.793183504344,-71.7957701153201,-230.746461171636,-65.5927307933221,-165.153730378314
9.308,-230.221747921608,-72.0227439343062,-231.177793669451,-65.8226756176893,-165.355118051761
9.312,-230.649902010193,-72.2498137468198,-231.608708948114,-66.0526929343314,-165.556016013783
9.316,-231.077642622634,-72.4769806827723,-232.039203842765,-66.2827840310487,-165.756419811716
9.32,-231.504966650776,-72.7042458653145,-232.469275228997,-66.5129501876392,-165.956325041358
9.324,-231.931871025865,-72.9316104108978,-232.898920022955,-66.7431926759978,-166.155727346957
9.328,-232.358352718638,-73.1590754293378,-233.328135181417,-66.9735127602122,-166.354622421204
9.332,-232.7844087394,-73.386642023874,-233.756917701866,-67.2039116966587,-166.553006005208
9.336,-233.210036138107,-73.6143112912335,-234.185264622566,-67.434390734096,-166.75087388847
9.34,-233.635232004421,-73.8420843216872,-234.613173022621,-67.6649511137549,-166.948221908866
9.344,-234.059993467784,-74.0699621991103,-235.040640022034,-67.8955940694326,-167.145045952601
9.348,-234.484317697464,-74.2979460010422,-235.467662781753,-68.126320827579,-167.341341954174
9.352,-234.908201902607,-74.5260367987401,-235.894238503718,-68.357132607385,-167.537105896333
9.356,-235.33164333228,-74.7542356572385,-236.320364430892,-68.5880306208684,-167.732333810024
9.36,-235.754639275503,-74.9825436354026,-236.746037847296,-68.8190160729605,-167.927021774335
9.364,-236.177187061284,-75.2109617859861,-237.17125607803,-69.0500901615885,-168.121165916442
9.368,-236.599284058634,-75.439491155681,-237.596016489289,-69.2812540777558,-168.314762411533
9.372,-237.020927676592,-75.6681327851737,-238.020316488373,-69.5125090056252,-168.507807482748
9.376,-237.44211536423,-75.8968877091976,-238.444153523696,-69.7438561225979,-168.700297401098
9.38,-237.862844610663,-76.1257569565811,-238.867525084777,-69.9752965993905,-168.892228485386
9.384,-238.283112945042,-76.3547415503006,-239.290428702235,-70.2068316001139,-169.083597102121
9.388,-238.702917936551,-76.5838425075304,-239.712861947778,-70.4384622823467,-169.274399665431
9.392,-239.122257194392,-76.8130608396876,-240.134822434176,-70.6701897972103,-169.464632636965
9.396,-239.541128367768,-77.0423975524824,-240.556307815239,-70.902015289444,-169.654292525795
9.4,-239.959529145855,-77.2718536459635,-240.977315785785,-71.1339398974726,-169.843375888312
9.404,-240.377457257775,-77.501430114561,-241.397844081599,-71.3659647534822,-170.031879328117
9.408,-240.794910472558,-77.7311279471319,-241.817890479392,-71.5980909834859,-170.219799495906
9.412,-241.211886599102,-77.9609481270003,-242.237452796749,-71.8303197073944,-170.407133089354
9.416,-241.628383486125,-78.190891631998,-242.656528892075,-72.0626520390828,-170.593876852992
9.42,-242.044399022112,-78.4209594345034,-243.075116664535,-72.2950890864553,-170.78002757808
9.424,-242.459931135259,-78.6511525014751,-243.493214053989,-72.5276319515131,-170.965582102476
9.428,-242.87497779341,-78.8814717944895,-243.910819040915,-72.7602817304149,-171.1505373105
9.432,-243.289537003985,-79.1119182697681,-244.327929646338,-72.9930395135424,-171.334890132795
9.436,-243.703606813913,-79.3424928782074,-244.744543931744,-73.2259063855616,-171.518637546183
9.44,-244.117185309546,-79.5731965654051,-245.160659998998,-73.4588834254819,-171.701776573516
9.444,-244.530270616585,-79.8040302716788,-245.576275990244,-73.6919717067174,-171.884304283527
9.448,-244.942860899983,-80.0349949320827,-245.991390087814,-73.9251722971454,-172.066217790669
9.452,-245.354954363855,-80.2660914764205,-246.406000514121,-74.1584862591628,-172.247514254959
9.456,-245.766549251383,-80.4973208292502,-246.820105531558,-74.391914649744,-172.428190881814
9.46,-246.177643844711,-80.7286839098855,-247.23370344238,-74.625458520496,-172.608244921884
9.464,-246.588236464837,-80.9601816323836,-247.64679258859,-74.8591189177129,-172.787673670877
9.468,-246.998325471501,-81.1918149055325,-248.059371351818,-75.0928968824293,-172.966474469389
9.472,-247.407909263074,-81.4235846328212,-248.471438153198,-75.3267934504733,-173.144644702725
9.476,-247.816986276432,-81.6554917124031,-248.882991453231,-75.5608096525193,-173.322181800712
9.48,-248.225554986835,-81.8875370370431,-249.294029751657,-75.7949465141353,-173.499083237522
9.484,-248.633613907793,-82.1197214940508,-249.704551587315,-76.0292050558377,-173.675346531478
9.488,-249.041161590941,-82.3520459651968,-250.114555537999,-76.2635862931352,-173.850969244864
9.492,-249.448196625895,-82.5845113266069,-250.524040220309,-76.4980912365813,-174.025948983728
9.496,-249.854717640114,-82.817118448634,-250.933004289506,-76.7327208918184,-174.200283397688
9.5,-250.260723298754,-83.0498681957013,-251.341446439352,-76.9674762596236,-174.373970179728
9.504,-250.666212304522,-83.2827614261174,-251.749365401953,-77.202358335958,-174.547007065996
9.508,-251.071183397521,-83.5157989918519,-252.156759947599,-77.4373681120065,-174.719391835592
9.512,-251.475635355094,-83.7489817382718,-252.563628884592,-77.6725065742243,-174.891122310367
9.516,-251.879566991665,-83.9823105038307,-252.969971059081,-77.907774704378,-175.062196354703
9.52,-252.282977158579,-84.2157861197006,-253.375785354892,-78.1431734795886,-175.232611875303
9.524,-252.685864743929,-84.4494094093447,-253.781070693342,-78.3787038723734,-175.402366820968
9.528,-253.088228672392,-84.6831811880164,-254.185826033066,-78.6143668506825,-175.571459182384
9.532,-253.490067905054,-84.9171022621785,-254.590050369834,-78.8501633779434,-175.739886991891
9.536,-253.891381439233,-85.1511734288282,-254.99374273636,-79.086094413095,-175.907648323265
9.54,-254.292168308302,-85.3853954747194,-255.396902202118,-79.3221609106285,-176.074741291489
9.544,-254.692427581505,-85.6197691754661,-255.799527873146,-79.5583638206224,-176.241164052523
9.548,-255.092158363773,-85.8542952945141,-256.201618891851,-79.7947040887801,-176.406914803071
9.552,-255.491359795535,-86.0889745819674,-256.603174436815,-80.031182656465,-176.57199178035
9.556,-255.890031052528,-86.323807773253,-257.004193722588,-80.2678004607349,-176.736393261853
9.56,-256.288171345603,-86.5587955876099,-257.404675999488,-80.5045584343749,-176.900117565113
9.564,-256.685779920531,-86.7939387263929,-257.804620553394,-80.7414575059328,-177.063163047461
9.568,-257.082856057802,-87.029237871177,-258.204026705539,-80.9784985997502,-177.225528105788
9.572,-257.479399072425,-87.2646936816614,-258.602893812297,-81.2156826359935,-177.387211176303
9.576,-257.875408313727,-87.5003067933745,-259.001221264969,-81.4530105306859,-177.548210734283
9.58,-258.270883165143,-87.736077815195,-259.399008489571,-81.6904831957376,-177.708525293834
9.584,-258.665823044012,-87.9720073267172,-259.796254946613,-81.9281015389745,-177.868153407638
9.588,-259.060227401365,-88.2080958755114,-260.192960130879,-82.1658664641674,-178.027093666711
9.592,-259.454095721713,-88.4443439743575,-260.589123571206,-82.4037788710603,-178.185344700146
9.596,-259.847427522835,-88.6807520985643,-260.984744830263,-82.6418396553957,-178.342905174867
9.6,-260.240222355562,-88.917320683532,-261.379823504319,-82.8800497089447,-178.499773795374
9.604,-260.632479803556,-89.1540501227676,-261.77435922302,-83.1184099195312,-178.655949303488
9.608,-261.024199483093,-89.3909407666268,-262.168351649159,-83.356921171055,-178.811430478104
9.612,-261.415381042843,-89.6279929221203,-262.561800478445,-83.5955843435207,-178.966216134924
9.616,-261.806024163645,-89.8652068541984,-262.95470543927,-83.8344003130576,-179.120305126213
9.62,-262.196128558283,-90.1025827889877,-263.347066292475,-84.0733699519463,-179.273696340529
9.624,-262.585693971261,-90.3401209195041,-263.738882831115,-84.3124941286377,-179.426388702477
9.628,-262.974720178576,-90.5778214143835,-264.130154880222,-84.5517737077778,-179.578381172444
9.632,-263.363206987488,-90.81568443013,-264.520882296567,-84.7912095502278,-179.729672746339
9.636,-263.751154236291,-91.0537101272683,-264.911064968422,-85.0308025130846,-179.880262455337
9.64,-264.138561794084,-91.291898690573,-265.300702815318,-85.2705534497016,-180.030149365617
9.644,-264.525429560535,-91.5302503532112,-265.689795787804,-85.5104632097062,-180.179332578098
9.648,-264.911757465649,-91.7687654241827,-266.078343867206,-85.7505326390206,-180.327811228185
9.652,-265.297545469536,-92.0074443178754,-266.466347065379,-85.9907625798788,-180.4755844855
9.656,-265.682793562174,-92.2462875839436,-266.85380542447,-86.2311538708438,-180.622651553626
9.66,-266.067501763172,-92.4852959351276,-267.240719016668,-86.4717073468252,-180.769011669842
9.664,-266.451670121536,-92.7244702701956,-267.627087943957,-86.7124238390948,-180.914664104863
9.668,-266.835298715428,-92.9638116890341,-268.012912337877,-86.9533041753023,-181.059608162574
9.672,-267.218387651931,-93.2033214971566,-268.398192359266,-87.1943491794908,-181.203843179776
9.676,-267.600937066806,-93.4430011976079,-268.782928198023,-87.4355596721103,-181.347368525913
9.68,-267.982947124258,-93.6828524694081,-269.167120072853,-87.6769364700325,-181.490183602821
9.684,-268.364418016691,-93.9228771331423,-269.550768231022,-87.9184803865633,-181.632287844459
9.688,-268.745349964469,-94.1630771058757,-269.933872948105,-88.1601922314557,-181.773680716649
9.692,-269.125743215678,-94.4034543489357,-270.31643452774,-88.402072810922,-181.914361716818
9.696,-269.505598045879,-94.6440108130161,-270.698453301379,-88.6441229276449,-182.054330373734
9.7,-269.884914757873,-94.8847483853226,-271.079929628033,-88.8863433807888,-182.193586247244
9.704,-270.263693681454,-95.1256688430707,-271.460863894029,-89.1287349660102,-182.332128928019
9.708,-270.641935173172,-95.366773816651,-271.841256512757,-89.3712984754668,-182.46995803729
9.712,-271.019639616085,-95.6080647644332,-272.221107924418,-89.6140346978275,-182.607073226591
9.716,-271.396807419524,-95.8495429597302,-272.60041859578,-89.8569444182808,-182.743474177499
9.72,-271.773439018844,-96.0912094891611,-272.979189019922,-90.1000284185429,-182.879160601379
9.724,-272.149534875187,-96.3330652606754,-273.357419715989,-90.3432874768649,-183.014132239124
9.728,-272.525095475239,-96.5751110189462,-273.735111228939,-90.5867223680406,-183.148388860899
9.732,-272.900121330986,-96.8173473656568,-274.112264129299,-90.8303338634123,-183.281930265886
9.736,-273.274612979474,-97.0597747823508,-274.488879012909,-91.0741227308774,-183.414756282031
9.74,-273.648570982569,-97.3023936538587,-274.864956500679,-91.318089734893,-183.546866765786
9.744,-274.021995926713,-97.5452042907928,-275.240497238339,-91.5622356364813,-183.678261601857
9.748,-274.394888422686,-97.7882069500394,-275.615501896191,-91.8065611932343,-183.808940702957
9.752,-274.767249105362,-98.0314018526517,-275.989971168863,-92.051067159317,-183.938904009546
9.756,-275.139078633474,-98.2747891988641,-276.36390577506,-92.2957542854706,-184.06815148959
9.76,-275.510377689369,-98.5183691802405,-276.737306457319,-92.5406233190164,-184.196683138303
9.764,-275.881146978775,-98.762141989135,-277.110173981765,-92.7856750038572,-184.324498977907
9.768,-276.251387230555,-99.0061078257584,-277.482509137861,-93.0309100804792,-184.451599057382
9.772,-276.621099196476,-99.2502669031907,-277.854312738171,-93.2763292859531,-184.577983452217
9.776,-276.990283650968,-99.4946194506879,-278.225585618109,-93.5219333539359,-184.703652264173
9.78,-277.35894139089,-99.7391657156268,-278.596328635703,-93.7677230146701,-184.828605621033
9.784,-277.727073235288,-99.9839059643751,-278.966542671348,-94.0136989949841,-184.952843676364
9.788,-278.094680025168,-100.228840482358,-279.336228627565,-94.2598620182911,-185.076366609274
9.792,-278.461762623257,-100.473969573535,-279.705387428766,-94.5062128045885,-185.199174624177
9.796,-278.828321913768,-100.719293559463,-280.074020021006,-94.7527520704558,-185.32126795055
9.8,-279.19435880217,-100.964812778087,-280.442127371754,-94.9994805290528,-185.442646842701
9.804,-279.559874214957,-101.210527582375,-280.809710469646,-95.2463988901163,-185.56331157953
9.808,-279.924869099411,-101.456438338865,-281.176770324259,-95.4935078599582,-185.683262464301
9.812,-280.28934442338,-101.702545426204,-281.543307965864,-95.7408081414608,-185.802499824403
9.816,-280.653301175043,-101.948849233698,-281.909324445203,-95.988300434074,-185.921024011129
9.82,-281.016740362683,-102.195350159935,-282.274820833245,-96.2359854338084,-186.038835399436
9.824,-281.379663014463,-102.442048611471,-282.639798220963,-96.4838638332339,-186.155934387729
9.828,-281.742070178196,-102.688945001602,-283.004257719098,-96.7319363214724,-186.272321397626
9.832,-282.10396292112,-102.936039749235,-283.36820045793,-96.9802035841913,-186.387996873739
9.836,-282.465342329678,-103.183333277845,-283.73162758705,-97.2286663035969,-186.502961283453
9.84,-282.826209509292,-103.430826014529,-284.094540275132,-97.4773251584314,-186.6172151167
9.844,-283.186565584144,-103.678518389146,-284.456939709708,-97.7261808239603,-186.730758885748
9.848,-283.546411696952,-103.926410833536,-284.818827096943,-97.9752339719697,-186.843593124974
9.852,-283.905749008753,-104.174503780821,-285.18020366141,-98.2244852707542,-186.955718390656
9.856,-284.264578698686,-104.422797664781,-285.541070645871,-98.4739353851109,-187.06713526076
9.86,-284.622901963776,-104.671292919285,-285.901429311051,-98.7235849763299,-187.177844334721
9.864,-284.980720018713,-104.919989977791,-286.261280935426,-98.9734347021852,-187.287846233241
9.868,-285.338034095644,-105.168889272892,-286.620626814999,-99.2234852169232,-187.397141598076
9.872,-285.69484544396,-105.41799123592,-286.979468263084,-99.4737371712546,-187.505731091829
9.876,-286.05115533008,-105.667296296582,-287.337806610094,-99.7241912123423,-187.613615397752
9.88,-286.406965037246,-105.916804882645,-287.695643203328,-99.9748479837926,-187.720795219535
9.884,-286.762275865311,-106.166517419652,-288.052979406752,-100.22570812564,-187.827271281112
9.888,-287.117089130533,-106.416434330664,-288.409816600796,-100.476772274338,-187.933044326458
9.892,-287.471406165371,-106.66655603604,-288.766156182141,-100.728041062748,-188.038115119393
9.896,-287.825228318276,-106.916882953231,-289.121999563514,-100.979515120121,-188.142484443393
9.9,-288.178556953494,-107.167415496604,-289.477348173476,-101.231195072092,-188.246153101384
9.904,-288.531393450858,-107.418154077278,-289.832203456226,-101.483081540662,-188.349121915564
9.908,-288.883739205596,-107.669099102984,-290.186566871393,-101.735175144182,-188.451391727211
9.912,-289.235595628124,-107.920250977938,-290.540439893834,-101.987476497346,-188.552963396488
9.916,-289.586964143856,-108.171610102719,-290.893824013437,-102.239986211169,-188.653837802269
9.92,-289.937846193005,-108.423176874174,-291.246720734921,-102.492704892974,-188.754015841948
9.924,-290.288243230388,-108.674951685323,-291.599131577643,-102.74563314638,-188.853498431263
9.928,-290.638156725239,-108.926934925275,-291.951058075397,-102.998771571282,-188.952286504115
9.932,-290.987588161013,-109.179126979154,-292.302501776227,-103.252120763837,-189.05038101239
9.936,-291.336539035198,-109.43152822803,-292.653464242231,-103.505681316446,-189.147782925785
9.94,-291.685010859129,-109.68413904886,-293.003947049375,-103.759453817738,-189.244493231637
9.944,-292.033005157803,-109.93695981443,-293.353951787301,-104.013438852551,-189.34051293475
9.948,-292.380523469689,-110.189990893305,-293.703480059146,-104.267637001919,-189.435843057226
9.952,-292.72756734655,-110.443232649786,-294.052533481349,-104.522048843048,-189.530484638301
9.956,-293.074138353264,-110.696685443862,-294.401113683476,-104.776674949299,-189.624438734177
9.96,-293.420238067637,-110.950349631175,-294.749222308035,-105.031515890173,-189.717706417862
9.964,-293.765868080232,-111.204225562984,-295.096861010297,-105.286572231288,-189.81028877901
9.968,-294.111029994189,-111.458313586131,-295.444031458117,-105.54184453436,-189.902186923758
9.972,-294.455725425051,-111.712614043009,-295.79073533176,-105.797333357185,-189.993401974575
9.976,-294.799956000594,-111.967127271538,-296.136974323725,-106.053039253617,-190.083935070108
9.98,-295.14372336065,-112.221853605133,-296.482750138571,-106.308962773547,-190.173787365024
9.984,-295.487029156943,-112.476793372679,-296.828064492751,-106.565104462886,-190.262960029865
9.988,-295.829875052917,-112.731946898513,-297.172919114438,-106.821464863537,-190.351454250901
9.992,-296.172262723574,-112.987314502395,-297.51731574336,-107.078044513382,-190.439271229978
9.996,-296.514193855305,-113.24289649949,-297.861256130631,-107.33484394625,-190.526412184382
10,-296.85567014573,-113.498693200347,-298.204742038594,-107.591863691904,-190.612878346689
10.004,-297.196693303534,-113.75470491088,-298.547775240651,-107.849104276015,-190.698670964635
10.008,-297.537265048312,-114.010931932346,-298.890357521108,-108.106566220137,-190.783791300971
10.012,-297.877387110405,-114.267374561334,-299.232490675013,-108.364250041686,-190.868240633327
10.016,-298.217061230751,-114.524033089736,-299.574176508003,-108.622156253915,-190.952020254088
10.02,-298.556289160725,-114.780907804745,-299.915416836146,-108.880285365894,-191.035131470252
10.024,-298.895072661986,-115.037998988822,-300.256213485786,-109.138637882482,-191.117575603303
10.028,-299.233413506333,-115.295306919693,-300.596568293396,-109.397214304304,-191.199353989092
10.032,-299.571313475546,-115.552831870326,-300.936483105426,-109.656015127724,-191.280467977701
10.036,-299.908774361244,-115.810574108918,-301.275959778154,-109.915040844825,-191.360918933329
10.04,-300.245797964741,-116.068533898876,-301.615000177541,-110.174291943378,-191.440708234163
10.044,-300.582386096897,-116.326711498809,-301.953606179088,-110.433768906823,-191.519837272265
10.048,-300.918540577975,-116.585107162504,-302.291779667687,-110.693472214233,-191.598307453454
10.052,-301.254263237504,-116.843721138917,-302.62952253749,-110.953402340299,-191.67612019719
10.056,-301.58955591414,-117.102553672157,-302.966836691759,-111.213559755298,-191.753276936461
10.06,-301.924420455524,-117.361605001471,-303.303724042739,-111.473944925064,-191.829779117675
10.064,-302.25885871815,-117.620875361227,-303.640186511513,-111.734558310966,-191.905628200547
10.068,-302.59287256723,-117.880364980904,-303.976226027874,-111.995400369877,-191.980825657997
10.072,-302.92646387656,-118.140074085073,-304.31184453019,-112.25647155415,-192.05537297604
10.076,-303.259634528391,-118.400002893386,-304.647043965276,-112.517772311584,-192.129271653692
10.08,-303.592386413302,-118.66015162056,-304.981826288263,-112.779303085405,-192.202523202857
10.084,-303.924721430065,-118.920520476361,-305.316193462469,-113.04106431423,-192.27512914824
10.088,-304.256641485529,-119.181109665591,-305.650147459283,-113.303056432039,-192.347091027244
10.092,-304.588148494489,-119.441919388076,-305.983690258027,-113.56527986815,-192.418410389876
10.096,-304.919244379567,-119.702949838645,-306.316823845846,-113.82773504719,-192.489088798656
10.1,-305.249931071088,-119.964201207124,-306.649550217586,-114.090422389059,-192.559127828527
10.104,-305.580210506967,-120.225673678312,-306.981871375669,-114.35334230891,-192.62852906676
10.108,-305.910084632584,-120.487367431975,-307.313789329985,-114.61649521711,-192.697294112875
10.112,-306.239555400673,-120.749282642827,-307.645306097768,-114.879881519217,-192.765424578551
10.116,-306.568624771207,-121.011419480515,-307.976423703492,-115.143501615945,-192.832922087547
10.12,-306.897294711286,-121.273778109607,-308.307144178754,-115.407355903138,-192.899788275616
10.124,-307.225567195024,-121.536358689574,-308.637469562161,-115.671444771733,-192.966024790428
10.128,-307.553444203443,-121.79916137478,-308.967401899232,-115.935768607737,-193.031633291495
10.132,-307.88092772436,-122.062186314462,-309.296943242279,-116.200327792187,-193.096615450092
10.136,-308.208019752289,-122.325433652719,-309.626095650312,-116.465122701127,-193.160972949185
10.14,-308.534722288329,-122.588903528495,-309.954861188932,-116.730153705571,-193.224707483361
10.144,-308.861037340066,-122.852596075566,-310.283241930226,-116.995421171474,-193.287820758753
10.148,-309.186966921469,-123.116511422524,-310.611239952673,-117.260925459696,-193.350314492977
10.152,-309.512513052793,-123.380649692763,-310.938857341043,-117.526666925978,-193.412190415065
10.156,-309.837677760477,-123.645011004462,-311.266096186297,-117.792645920899,-193.473450265398
10.16,-310.162463077054,-123.909595470575,-311.5929585855,-118.058862789853,-193.534095795647
10.164,-310.486871041048,-124.174403198808,-311.919446641718,-118.325317873011,-193.594128768707
10.168,-310.810903696888,-124.439434291613,-312.245562463934,-118.592011505289,-193.653550958645
10.172,-311.134563094811,-124.704688846168,-312.571308166952,-118.858944016316,-193.712364150636
10.176,-311.457851290777,-124.970166954361,-312.896685871312,-119.126115730399,-193.770570140913
10.18,-311.780770346373,-125.235868702779,-313.221697703203,-119.393526966494,-193.82817073671
10.184,-312.103322328734,-125.50179417269,-313.546345794373,-119.661178038165,-193.885167756209
10.188,-312.425509310453,-125.76794344003,-313.870632282051,-119.929069253559,-193.941563028493
10.192,-312.747333369496,-126.034316575386,-314.194559308859,-120.197200915364,-193.997358393495
10.196,-313.068796589121,-126.300913643982,-314.518129022737,-120.465573320782,-194.052555701955
10.2,-313.389901057798,-126.567734705665,-314.841343576859,-120.734186761491,-194.107156815368
10.204,-313.71064886913,-126.834779814888,-315.164205129556,-121.003041523611,-194.161163605945
10.208,-314.031042121771,-127.102049020696,-315.486715844242,-121.27213788767,-194.214577956572
10.212,-314.35108291935,-127.369542366714,-315.808877889338,-121.541476128571,-194.267401760767
10.216,-314.670773370403,-127.637259891125,-316.130693438197,-121.811056515556,-194.319636922641
10.22,-314.990115588289,-127.905201626661,-316.452164669036,-122.080879312171,-194.371285356865
10.224,-315.309111691126,-128.173367600587,-316.773293764863,-122.350944776232,-194.422348988632
10.228,-315.627763801718,-128.441757834684,-317.094082913408,-122.621253159789,-194.472829753619
10.232,-315.94607404748,-128.710372345239,-317.414534307059,-122.891804709093,-194.522729597966
10.236,-316.264044560382,-128.979211143022,-317.734650142791,-123.16259966456,-194.572050478231
10.24,-316.581677476869,-129.248274233278,-318.054432622108,-123.433638260734,-194.620794361375
10.244,-316.898974937808,-129.517561615712,-318.373883950975,-123.704920726254,-194.668963224721
10.248,-317.215939088416,-129.78707328447,-318.693006339759,-123.976447283818,-194.716559055941
10.252,-317.532572078203,-130.056809228128,-319.011802003166,-124.248218150147,-194.763583853019
10.256,-317.848876060907,-130.326769429676,-319.330273160189,-124.520233535951,-194.810039624238
10.26,-318.16485319444,-130.596953866502,-319.648422034045,-124.792493645891,-194.855928388153
10.264,-318.480505640825,-130.867362510384,-319.966250852118,-125.064998678546,-194.901252173572
10.268,-318.795835566141,-131.137995327464,-320.283761845915,-125.337748826375,-194.946013019539
10.272,-319.110845140469,-131.408852278244,-320.600957250997,-125.610744275684,-194.990212975313
10.276,-319.425536537838,-131.679933317568,-320.917839306942,-125.883985206587,-195.033854100355
10.28,-319.739911936169,-131.951238394607,-321.234410257288,-126.157471792972,-195.076938464316
10.284,-320.053973517228,-132.222767452844,-321.550672349483,-126.431204202468,-195.119468147016
10.288,-320.367723466575,-132.494520430063,-321.866627834843,-126.705182596401,-195.161445238443
10.292,-320.681163973515,-132.766497258333,-322.182278968501,-126.979407129768,-195.202871838734
10.296,-320.99429723105,-133.038697863992,-322.497628009363,-127.253877951194,-195.243750058169
10.3,-321.307125435836,-133.311122167639,-322.812677220067,-127.528595202901,-195.284082017166
10.304,-321.619650788132,-133.583770084114,-323.127428866939,-127.803559020668,-195.323869846271
10.308,-321.931875491765,-133.856641522485,-323.441885219952,-128.078769533797,-195.363115686155
10.312,-322.243801754082,-134.12973638604,-323.756048552689,-128.354226865078,-195.401821687611
10.316,-322.555431785912,-134.403054572267,-324.0699211423,-128.62993113075,-195.439990011549
10.32,-322.866767801527,-134.676595972844,-324.383505269471,-128.905882440472,-195.477622828999
10.324,-323.177812018599,-134.950360473625,-324.696803218384,-129.182080897278,-195.514722321106
10.328,-323.488566658169,-135.224347954626,-325.009817276684,-129.458526597548,-195.551290679136
10.332,-323.799033944609,-135.498558290012,-325.322549735447,-129.735219630971,-195.587330104476
10.336,-324.109216105585,-135.772991348087,-325.635002889148,-130.012160080507,-195.622842808641
10.34,-324.419115372029,-136.047646991274,-325.947179035628,-130.289348022354,-195.657831013274
10.344,-324.728733978103,-136.322525076111,-326.259080476067,-130.566783525911,-195.692296950156
10.348,-325.038074161167,-136.597625453233,-326.570709514957,-130.844466653743,-195.726242861214
10.352,-325.347138161756,-136.87294796736,-326.882068460072,-131.122397461547,-195.759670998525
10.356,-325.655928223542,-137.148492457285,-327.193159622445,-131.400575998113,-195.792583624332
10.36,-325.964446593317,-137.424258755863,-327.503985316341,-131.679002305291,-195.824983011049
10.364,-326.272695520958,-137.700246689998,-327.814547859238,-131.95767641796,-195.856871441279
10.368,-326.580677259409,-137.976456080631,-328.124849571801,-132.236598363983,-195.888251207818
10.372,-326.888394064652,-138.252886742727,-328.434892777863,-132.515768164183,-195.91912461368
10.376,-327.19584819569,-138.529538485265,-328.744679804405,-132.7951858323,-195.949493972105
10.38,-327.503041914518,-138.806411111228,-329.054212981537,-133.074851374961,-195.979361606576
10.384,-327.809977486112,-139.083504417586,-329.363494642482,-133.354764791643,-196.008729850839
10.388,-328.116657178404,-139.360818195291,-329.67252712356,-133.634926074641,-196.037601048919
10.392,-328.423083262262,-139.638352229263,-329.981312764169,-133.915335209029,-196.065977555141
10.396,-328.729258011482,-139.916106298378,-330.28985390678,-134.195992172632,-196.093861734148
10.4,-329.035183702764,-140.194080175461,-330.598152896913,-134.476896935988,-196.121255960925
10.404,-329.340862615699,-140.472273627272,-330.906212083134,-134.758049462316,-196.148162620818
10.408,-329.64629703276,-140.750686414496,-331.214033817043,-135.03944970748,-196.174584109563
10.412,-329.951489239286,-141.029318291736,-331.52162045326,-135.321097619956,-196.200522833304
10.416,-330.256441523467,-141.308169007499,-331.828974349423,-135.602993140804,-196.225981208619
10.42,-330.561156176346,-141.587238304187,-332.136097866177,-135.885136203626,-196.250961662551
10.424,-330.865635491794,-141.866525918092,-332.44299336717,-136.167526734541,-196.275466632629
10.428,-331.169881766516,-142.146031579378,-332.749663219047,-136.450164652146,-196.299498566901
10.432,-331.473897300033,-142.425755012079,-333.056109791445,-136.733049867488,-196.323059923957
10.436,-331.777684394687,-142.705695934089,-333.362335456993,-137.016182284031,-196.346153172963
10.44,-332.081245355626,-142.985854057149,-333.668342591311,-137.29956179762,-196.368780793691
10.444,-332.384582490806,-143.266229086842,-333.974133573003,-137.583188296455,-196.390945276548
10.448,-332.687698110987,-143.546820722584,-334.279710783667,-137.867061661056,-196.412649122611
10.452,-332.99059452973,-143.827628657615,-334.585076607887,-138.151181764232,-196.433894843655
10.456,-333.293274063402,-144.108652578993,-334.890233433242,-138.435548471049,-196.454684962194
10.46,-333.595739031166,-144.389892167582,-335.195183650309,-138.720161638801,-196.475022011508
10.464,-333.897991754992,-144.671347098049,-335.499929652662,-139.005021116978,-196.494908535684
10.468,-334.200034559654,-144.953017038854,-335.804473836886,-139.290126747239,-196.514347089647
10.472,-334.501869772738,-145.234901652244,-336.108818602579,-139.575478363377,-196.533340239202
10.476,-334.803499724642,-145.517000594245,-336.412966352358,-139.861075791292,-196.551890561066
10.48,-335.10492674858,-145.799313514659,-336.716919491872,-140.14691884896,-196.570000642912
10.484,-335.406153180597,-146.081840057052,-337.02068042981,-140.433007346408,-196.587673083402
10.488,-335.707181359567,-146.36457985875,-337.324251577909,-140.71934108568,-196.604910492229
10.492,-336.008013627208,-146.647532550837,-337.627635350972,-141.005919860811,-196.62171549016
10.496,-336.308652328086,-146.930697758144,-337.930834166873,-141.2927434578,-196.638090709074
10.5,-336.60909980963,-147.214075099246,-338.233850446579,-141.579811654578,-196.654038792001
10.504,-336.909358422142,-147.497664186456,-338.536686614157,-141.867124220987,-196.66956239317
10.508,-337.209430518806,-147.781464625821,-338.839345096793,-142.154680918746,-196.684664178047
10.512,-337.509318455706,-148.065476017119,-339.141828324811,-142.44248150143,-196.699346823382
10.516,-337.809024591838,-148.349697953849,-339.444138731687,-142.730525714438,-196.713613017249
10.52,-338.108551289125,-148.634130023234,-339.74627875407,-143.018813294973,-196.727465459097
10.524,-338.407900912434,-148.918771806211,-340.048250831798,-143.307343972011,-196.740906859787
10.528,-338.707075829592,-149.203622877433,-340.350057407923,-143.59611746628,-196.753939941643
10.532,-339.006078411403,-149.488682805261,-340.651700928731,-143.885133490232,-196.766567438499
10.536,-339.304911031671,-149.773951151763,-340.953183843762,-144.17439174802,-196.778792095742
10.54,-339.603576067217,-150.059427472711,-341.254508605836,-144.463891935475,-196.790616670362
10.544,-339.902075897898,-150.34511131758,-341.555677671077,-144.753633740078,-196.802043930999
10.548,-340.200412906632,-150.631002229544,-341.856693498936,-145.043616840944,-196.813076657993
10.552,-340.49858947942,-150.917099745476,-342.157558552221,-145.333840908791,-196.82371764343
10.556,-340.796608005367,-151.203403395941,-342.45827529712,-145.624305605926,-196.833969691193
10.56,-341.094470876711,-151.489912705205,-342.758846203232,-145.915010586217,-196.843835617015
10.564,-341.392180488844,-151.776627191223,-343.059273743595,-146.205955495072,-196.853318248522
10.568,-341.689739240341,-152.063546365647,-343.359560394713,-146.497139969424,-196.86242042529
10.572,-341.987149532983,-152.350669733819,-343.659708636595,-146.788563637702,-196.871144998893
10.576,-342.284413771794,-152.637996794777,-343.959720952776,-147.080226119818,-196.879494832957
10.58,-342.581534365059,-152.925527041249,-344.259599830354,-147.372127027143,-196.887472803211
10.584,-342.878513724361,-153.213259959661,-344.55934776003,-147.664265962492,-196.895081797538
10.588,-343.175354264611,-153.501195030129,-344.858967236131,-147.956642520103,-196.902324716029
10.592,-343.472058404077,-153.789331726468,-345.158460756653,-148.249256285616,-196.909204471037
10.596,-343.768628564417,-154.077669516191,-345.457830823296,-148.542106836065,-196.915723987231
10.6,-344.065067170716,-154.366207860508,-345.757079941496,-148.83519373985,-196.921886201646
10.604,-344.361376651517,-154.654946214332,-346.056210620472,-149.128516556728,-196.927694063744
10.608,-344.657559438853,-154.943884026282,-346.355225373256,-149.422074837796,-196.93315053546
10.612,-344.953617968292,-155.23302073868,-346.654126716739,-149.715868125472,-196.938258591266
10.616,-345.249554678967,-155.522355787561,-346.952917171708,-150.009895953486,-196.943021218222
10.62,-345.545372013614,-155.811888602673,-347.251599262889,-150.30415784686,-196.947441416029
10.624,-345.841072418613,-156.101618607483,-347.55017551899,-150.5986533219,-196.95152219709
10.628,-346.136658344029,-156.391545219178,-347.848648472742,-150.89338188618,-196.955266586562
10.632,-346.432132243646,-156.681667848671,-348.147020660944,-151.188343038527,-196.958677622417
10.636,-346.727496575014,-156.971985900609,-348.445294624511,-151.483536269016,-196.961758355496
10.64,-347.022753799491,-157.262498773374,-348.743472908516,-151.778961058953,-196.964511849563
10.644,-347.317906382282,-157.553205859089,-349.041558062238,-152.074616880868,-196.96694118137
10.648,-347.612956792486,-157.844106543629,-349.339552639209,-152.370503198502,-196.969049440707
10.652,-347.907907503141,-158.135200206619,-349.637459197264,-152.666619466801,-196.970839730463
10.656,-348.202760991265,-158.426486221448,-349.935280298593,-152.962965131903,-196.97231516669
10.66,-348.49751973791,-158.717963955273,-350.233018509782,-153.259539631136,-196.973478878646
10.664,-348.792186228202,-159.009632769028,-350.530676401874,-153.556342393005,-196.974334008869
10.668,-349.086762951393,-159.301492017426,-350.828256550417,-153.853372837188,-196.974883713228
10.672,-349.38125240091,-159.593541048978,-351.125761535515,-154.150630374531,-196.975131160985
10.676,-349.6756570744,-159.88577920599,-351.423193941884,-154.448114407038,-196.975079534846
10.68,-349.969979473789,-160.178205824579,-351.720556358907,-154.745824327871,-196.974732031036
10.684,-350.264222105329,-160.470820234682,-352.017851380689,-155.043759521347,-196.974091859341
10.688,-350.558387479645,-160.76362176006,-352.31508160611,-155.341919362929,-196.973162243181
10.692,-350.852478111798,-161.056609718317,-352.612249638888,-155.640303219226,-196.971946419662
10.696,-351.146496521333,-161.349783420902,-352.909358087633,-155.938910447995,-196.970447639638
10.7,-351.440445232336,-161.643142173124,-353.206409565907,-156.237740398134,-196.968669167772
10.704,-351.734326773489,-161.936685274162,-353.503406692282,-156.536792409685,-196.966614282597
10.708,-352.028143678126,-162.230412017078,-353.800352090404,-156.836065813832,-196.964286276572
10.712,-352.321898484292,-162.524321688828,-354.097248389053,-157.135559932905,-196.961688456148
10.716,-352.615593734799,-162.818413570274,-354.394098222202,-157.435274080379,-196.958824141823
10.72,-352.909231977288,-163.112686936195,-354.690904229086,-157.735207560878,-196.955696668208
10.724,-353.202815764288,-163.407141055304,-354.987669054263,-158.035359670178,-196.952309384085
10.728,-353.496347653273,-163.70177519026,-355.284395347677,-158.33572969521,-196.948665652467
10.732,-353.789830206731,-163.99658859768,-355.581085764728,-158.636316914067,-196.944768850661
10.736,-354.083265992221,-164.291580528156,-355.877742966334,-158.937120596007,-196.940622370328
10.74,-354.376657582437,-164.586750226267,-356.174369619004,-159.23814000146,-196.936229617544
10.744,-354.670007555274,-164.882096930595,-356.470968394901,-159.539374382039,-196.931594012862
10.748,-354.963318493892,-165.177619873745,-356.767541971914,-159.84082298054,-196.926718991374
10.752,-355.256592986783,-165.473318282352,-357.064093033728,-160.142485030959,-196.92160800277
10.756,-355.549833627835,-165.769191377105,-357.360624269894,-160.444359758495,-196.9162645114
10.76,-355.843043016404,-166.065238372761,-357.657138375902,-160.746446379565,-196.910691996337
10.764,-356.136223757379,-166.361458478159,-357.953638053253,-161.048744101814,-196.904893951439
10.768,-356.429378461252,-166.657850896244,-358.250126009531,-161.351252124125,-196.898873885406
10.772,-356.722509744188,-166.954414824079,-358.546604958482,-161.653969636632,-196.892635321849
10.776,-357.0156202281,-167.251149452867,-358.843077620084,-161.956895820738,-196.886181799345
10.78,-357.308712540716,-167.548053967967,-359.139546720627,-162.260029849125,-196.879516871502
10.784,-357.601789315651,-167.845127548915,-359.436014992788,-162.563370885767,-196.87264410702
10.788,-357.894853192487,-168.142369369445,-359.732485175709,-162.866918085957,-196.865567089753
10.792,-358.187906816843,-168.439778597504,-360.02896001508,-163.170670596309,-196.858289418771
10.796,-358.48095284045,-168.737354395277,-360.32544226321,-163.474627554789,-196.850814708421
10.8,-358.77399392123,-169.035095919206,-360.621934679116,-163.778788090727,-196.84314658839
10.804,-359.06703272337,-169.33300232001,-360.918440028602,-164.083151324837,-196.835288703765
10.808,-359.360071917403,-169.631072742708,-361.214961084338,-164.38771636924,-196.827244715099
10.812,-359.653114180287,-169.929306326644,-361.511500625949,-164.692482327483,-196.819018298466
10.816,-359.946162195481,-170.227702205501,-361.808061440094,-164.997448294562,-196.810613145532
10.82,-360.23921865303,-170.526259507334,-362.104646320554,-165.302613356946,-196.802032963608
10.824,-360.532286249644,-170.824977354586,-362.401258068317,-165.607976592601,-196.793281475716
10.828,-360.825367688782,-171.123854864113,-362.697899491667,-165.913537071013,-196.784362420654
10.832,-361.118465680735,-171.422891147211,-362.994573406267,-166.219293853214,-196.775279553053
10.836,-361.411582942708,-171.722085309638,-363.291282635253,-166.525245991813,-196.76603664344
10.84,-361.704722198911,-172.021436451637,-363.58803000932,-166.831392531018,-196.756637478303
10.844,-361.997886180639,-172.320943667967,-363.884818366816,-167.137732506667,-196.747085860149
10.848,-362.29107762636,-172.620606047924,-364.181650553827,-167.444264946259,-196.737385607568
10.852,-362.584299281807,-172.920422675369,-364.478529424279,-167.750988868982,-196.727540555297
10.856,-362.877553900062,-173.220392628752,-364.775457840022,-168.057903285745,-196.717554554277
10.86,-363.170844241648,-173.520514981144,-365.072438670929,-168.365007199209,-196.70743147172
10.864,-363.464173074622,-173.820788800258,-365.369474794992,-168.672299603825,-196.697175191167
10.868,-363.75754317466,-174.121213148485,-365.666569098415,-168.97977948586,-196.686789612555
10.872,-364.050957325157,-174.421787082911,-365.963724475713,-169.287445823441,-196.676278652272
10.876,-364.344418317314,-174.722509655357,-366.260943829809,-169.595297586583,-196.665646243226
10.88,-364.637928950238,-175.0233799124,-366.558230072135,-169.903333737231,-196.654896334904
10.884,-364.931492031032,-175.324396895408,-366.855586122728,-170.211553229296,-196.644032893432
10.888,-365.225110374897,-175.625559640563,-367.153014910335,-170.519955008693,-196.633059901641
10.892,-365.518786805223,-175.9268671789,-367.450519372511,-170.828538013383,-196.621981359129
10.896,-365.812524153693,-176.228318536329,-367.748102455727,-171.137301173411,-196.610801282316
10.9,-366.106325260377,-176.529912733672,-368.045767115468,-171.446243410948,-196.59952370452
10.904,-366.400192973835,-176.831648786693,-368.343516316338,-171.755363640337,-196.588152676001
10.908,-366.694130151219,-177.133525706128,-368.641353032173,-172.064660768132,-196.576692264042
10.912,-366.988139658372,-177.435542497718,-368.93928024614,-172.374133693143,-196.565146552996
10.916,-367.282224369933,-177.737698162244,-369.237300950844,-172.683781306485,-196.553519644359
10.92,-367.57638716944,-178.039991695556,-369.535418148445,-172.993602491621,-196.541815656824
10.924,-367.870630949436,-178.342422088612,-369.833634850758,-173.303596124409,-196.530038726349
10.928,-368.164958611575,-178.644988327504,-370.131954079371,-173.613761073152,-196.518193006219
10.932,-368.459373066725,-178.947689393501,-370.430378865752,-173.924096198648,-196.506282667104
10.936,-368.753877235083,-179.250524263076,-370.728912251362,-174.234600354236,-196.494311897126
10.94,-369.048474046279,-179.553491907946,-371.027557287772,-174.545272385852,-196.482284901921
10.944,-369.343166439485,-179.856591295106,-371.326317036775,-174.856111132077,-196.470205904699
10.948,-369.637957363531,-180.159821386865,-371.625194570501,-175.167115424192,-196.458079146308
10.952,-369.932849777011,-180.463181140878,-371.924192971534,-175.478284086234,-196.4459088853
10.956,-370.227846648402,-180.766669510192,-372.223315333033,-175.789615935045,-196.433699397988
10.96,-370.522950956173,-181.070285443273,-372.522564758846,-176.101109780335,-196.421454978512
10.964,-370.818165688901,-181.37402788405,-372.821944363634,-176.412764424731,-196.409179938903
10.968,-371.113493845391,-181.677895771948,-373.121457272988,-176.724578663842,-196.396878609146
10.972,-371.408938434789,-181.981888041931,-373.421106623553,-177.036551286315,-196.384555337239
10.976,-371.7045024767,-182.286003624536,-373.720895563152,-177.348681073891,-196.372214489262
10.98,-372.000189001312,-182.590241445915,-374.020827250908,-177.660966801471,-196.359860449436
10.984,-372.296001049509,-182.894600427872,-374.320904857368,-177.973407237176,-196.347497620192
10.988,-372.591941673001,-183.199079487903,-374.621131564633,-178.286001142408,-196.335130422226
10.992,-372.888013934437,-183.50367753924,-374.921510566484,-178.598747271911,-196.322763294573
10.996,-373.184220907538,-183.808393490882,-375.222045068506,-178.911644373844,-196.310400694663
11,-373.480565677214,-184.113226247647,-375.522738288223,-179.224691189836,-196.298047098388
11.004,-373.777051339695,-184.418174710204,-375.823593455228,-179.537886455058,-196.28570700017
11.008,-374.073681002653,-184.723237775118,-376.124613811309,-179.851228898292,-196.273384913017
11.012,-374.370457785336,-185.028414334895,-376.425802610586,-180.164717241991,-196.261085368595
11.016,-374.667384818691,-185.333703278016,-376.727163119649,-180.478350202356,-196.248812917293
11.02,-374.964465245497,-185.639103488986,-377.028698617682,-180.792126489403,-196.236572128279
11.024,-375.261702220498,-185.944613848377,-377.33041239661,-181.106044807031,-196.224367589579
11.028,-375.559098910532,-186.250233232867,-377.632307761227,-181.420103853099,-196.212203908129
11.032,-375.856658494666,-186.555960515284,-377.934388029345,-181.734302319494,-196.200085709851
11.036,-376.154384164331,-186.861794564654,-378.236656531918,-182.048638892207,-196.188017639712
11.04,-376.452279123458,-187.167734246242,-378.539116613201,-182.363112251407,-196.176004361794
11.044,-376.750346588615,-187.473778421596,-378.841771630876,-182.677721071515,-196.164050559361
11.048,-377.048589789143,-187.779925948591,-379.144624956203,-182.992464021282,-196.152160934921
11.052,-377.3470119673,-188.086175681479,-379.447679974163,-183.307339763865,-196.140340210297
11.056,-377.645616378396,-188.392526470931,-379.750940083601,-183.622346956906,-196.128593126695
11.06,-377.944406290939,-188.698977164079,-380.054408697375,-183.937484252607,-196.116924444768
11.064,-378.243384986774,-189.005526604571,-380.3580892425,-184.252750297815,-196.105338944685
11.068,-378.542555761234,-189.312173632608,-380.661985160301,-184.5681437341,-196.093841426201
11.072,-378.841921923275,-189.618917084997,-380.96609990656,-184.883663197837,-196.082436708723
11.076,-379.141486795633,-189.925755795198,-381.270436951668,-185.199307320285,-196.071129631382
11.08,-379.441253714963,-190.232688593364,-381.574999780775,-185.515074727677,-196.059925053098
11.084,-379.741226031995,-190.539714306399,-381.879791893949,-185.830964041295,-196.048827852654
11.088,-380.041407111677,-190.846831757999,-382.184816806325,-186.146973877562,-196.037842928762
11.092,-380.341800333336,-191.154039768699,-382.490078048263,-186.463102848127,-196.026975200135
11.096,-380.642409090819,-191.461337155928,-382.795579165504,-186.779349559945,-196.016229605559
11.1,-380.943236792657,-191.768722734051,-383.101323719333,-187.095712615373,-196.005611103961
11.104,-381.244286862214,-192.076195314424,-383.407315286733,-187.412190612249,-195.995124674484
11.108,-381.545562737847,-192.383753705436,-383.713557460545,-187.72878214399,-195.984775316556
11.112,-381.847067873061,-192.691396712567,-384.020053849637,-188.045485799674,-195.974568049963
11.116,-382.148805736668,-192.999123138429,-384.32680807906,-188.362300164134,-195.964507914926
11.12,-382.450779812952,-193.306931782825,-384.633823790216,-188.679223818048,-195.954599972168
11.124,-382.752993601822,-193.61482144279,-384.941104641024,-188.996255338034,-195.94484930299
11.128,-383.055450618984,-193.922790912651,-385.248654306086,-189.313393296738,-195.935261009348
11.132,-383.358154396099,-194.230838984069,-385.556476476853,-189.630636262928,-195.925840213925
11.136,-383.66110848095,-194.538964446096,-385.864574861799,-189.947982801592,-195.916592060207
11.14,-383.964316437609,-194.847166085223,-386.17295318659,-190.265431474031,-195.907521712559
11.144,-384.267781846606,-195.155442685434,-386.481615194254,-190.582980837951,-195.898634356303
11.148,-384.571508305095,-195.463793028258,-386.790564645356,-190.900629447566,-195.88993519779
11.152,-384.87549942703,-195.772215892816,-387.099805318172,-191.218375853687,-195.881429464484
11.156,-385.179758843334,-196.080710055878,-387.409341008868,-191.536218603829,-195.873122405038
11.16,-385.48429020207,-196.389274291914,-387.719175531669,-191.854156242302,-195.865019289367
11.164,-385.789097168622,-196.697907373148,-388.029312719049,-192.172187310313,-195.857125408736
11.168,-386.094183425864,-197.006608069606,-388.339756421899,-192.490310346064,-195.849446075835
11.172,-386.399552674344,-197.315375149175,-388.650510509718,-192.808523884856,-195.841986624863
11.176,-386.705208632457,-197.624207377654,-388.961578870788,-193.126826459186,-195.834752411602
11.18,-387.011155036632,-197.933103518804,-389.27296541236,-193.445216598854,-195.827748813506
11.184,-387.317395641505,-198.242062334406,-389.58467406084,-193.763692831055,-195.820981229785
11.188,-387.62393422011,-198.551082584314,-389.896708761975,-194.082253680496,-195.814455081478
11.192,-387.930774564058,-198.860163026506,-390.209073481037,-194.400897669489,-195.808175811548
11.196,-388.237920483727,-199.169302417142,-390.521772203019,-194.719623318056,-195.802148884962
11.2,-388.545375808444,-199.478499510616,-390.834808932818,-195.038429144041,-195.796379788777
11.204,-388.853144386679,-199.787753059609,-391.148187695426,-195.357313663206,-195.79087403222
11.208,-389.161230086232,-200.097061815147,-391.46191253613,-195.676275389344,-195.785637146786
11.212,-389.469636794422,-200.406424526654,-391.775987520702,-195.995312834382,-195.780674686319
11.216,-389.778368418288,-200.715839942006,-392.09041673559,-196.314424508488,-195.775992227102
11.22,-390.087428884772,-201.025306807587,-392.40520428812,-196.633608920178,-195.771595367941
11.224,-390.396822140926,-201.334823868344,-392.720354306693,-196.952864576428,-195.767489730265
11.228,-390.706552154099,-201.644389867845,-393.035870940984,-197.272189982777,-195.763680958207
11.232,-391.016622912142,-201.954003548325,-393.35175836214,-197.591583643438,-195.760174718703
11.236,-391.327038423605,-202.263663650755,-393.668020762985,-197.911044061409,-195.756976701575
11.24,-391.637802717943,-202.573368914887,-393.98466235822,-198.230569738583,-195.754092619636
11.244,-391.948919845709,-202.883118079314,-394.30168738463,-198.550159175855,-195.751528208776
11.248,-392.260393878769,-203.192909881525,-394.619100101291,-198.869810873236,-195.749289228055
11.252,-392.5722289105,-203.502743057962,-394.936904789771,-199.189523329962,-195.747381459809
11.256,-392.884429056004,-203.812616344075,-395.255105754342,-199.509295044609,-195.745810709734
11.26,-393.196998452308,-204.122528474377,-395.573707322193,-199.829124515202,-195.744582806991
11.264,-393.509941258582,-204.432478182503,-395.892713843631,-200.149010239327,-195.743703604304
11.268,-393.823261656345,-204.742464201263,-396.212129692304,-200.468950714249,-195.743178978055
11.272,-394.136963849681,-205.052485262702,-396.531959265406,-200.788944437018,-195.743014828388
11.276,-394.451052065455,-205.362540098152,-396.852206983895,-201.108989904587,-195.743217079308
11.28,-394.765530553519,-205.672627438293,-397.172877292711,-201.429085613926,-195.743791678785
11.284,-395.080403586943,-205.982746013205,-397.493974660986,-201.749230062135,-195.744744598851
11.288,-395.395675462224,-206.292894552429,-397.815503582268,-202.069421746558,-195.74608183571
11.292,-395.71135049951,-206.60307178502,-398.137468574741,-202.3896591649,-195.747809409841
11.296,-396.027433042819,-206.913276439605,-398.459874181439,-202.70994081534,-195.7499333661
11.3,-396.343927460267,-207.22350724444,-398.782724970477,-203.030265196647,-195.752459773829
11.304,-396.660838144283,-207.533762927468,-399.106025535264,-203.350630808298,-195.755394726966
11.308,-396.978169511847,-207.84404221637,-399.429780494735,-203.67103615059,-195.758744344145
11.312,-397.295926004708,-208.154343838629,-399.753994493574,-203.991479724758,-195.762514768816
11.316,-397.614112089615,-208.464666521584,-400.078672202438,-204.311960033094,-195.766712169344
11.32,-397.932732258548,-208.775008992483,-400.403818318186,-204.63247557906,-195.771342739127
11.324,-398.251791028952,-209.085369978545,-400.72943756411,-204.953024867404,-195.776412696706
11.328,-398.571292943962,-209.395748207015,-401.055534690159,-205.273606404281,-195.781928285878
11.332,-398.891242572645,-209.706142405219,-401.382114473179,-205.594218697371,-195.787895775808
11.336,-399.211644510234,-210.016551300622,-401.709181717133,-205.914860255987,-195.794321461146
11.34,-399.532503378362,-210.326973620886,-402.036741253344,-206.235529591206,-195.801211662138
11.344,-399.853823825302,-210.637408093924,-402.364797940724,-206.556225215973,-195.80857272475
11.348,-400.175610526209,-210.947853447959,-402.693356666009,-206.876945645232,-195.816411020777
11.352,-400.497868183356,-211.258308411579,-403.022422343997,-207.197689396032,-195.824732947965
11.356,-400.820601526381,-211.568771713792,-403.351999917781,-207.518454987651,-195.833544930129
11.36,-401.14381531253,-211.879242084088,-403.682094358991,-207.839240941716,-195.842853417275
11.364,-401.467514326899,-212.189718252489,-404.012710668031,-208.160045782314,-195.852664885717
11.368,-401.791703382683,-212.500198949608,-404.343853874318,-208.480868036117,-195.8629858382
11.372,-402.116387321423,-212.810682906708,-404.675529036519,-208.801706232496,-195.873822804023
11.376,-402.441571013255,-213.121168855753,-405.0077412428,-209.122558903639,-195.88518233916
11.38,-402.767259357159,-213.431655529466,-405.340495611059,-209.443424584673,-195.897071026386
11.384,-403.093457281211,-213.74214166139,-405.673797289177,-209.764301813779,-195.909495475398
11.388,-403.420169742834,-214.052625985934,-406.007651455254,-210.085189132309,-195.922462322945
11.392,-403.747401729057,-214.363107238439,-406.342063317856,-210.406085084906,-195.93597823295
11.396,-404.075158256762,-214.673584155227,-406.677038116262,-210.726988219623,-195.950049896638
11.4,-404.403444372944,-214.984055473658,-407.012581120703,-211.047897088039,-195.964684032664
11.404,-404.732265154968,-215.294519932188,-407.348697632614,-211.368810245375,-195.979887387238
11.408,-405.061625710828,-215.604976270422,-407.685392984874,-211.689726250619,-195.995666734255
11.412,-405.391531179404,-215.91542322917,-408.022672542063,-212.010643666633,-196.01202887543
11.416,-405.721986730722,-216.225859550503,-408.360541700693,-212.331561060281,-196.028980640412
11.42,-406.052997566219,-216.536283977806,-408.699005889473,-212.652477002539,-196.046528886935
11.424,-406.384568918998,-216.846695255833,-409.038070569542,-212.973390068615,-196.064680500927
11.428,-406.716706054099,-217.157092130765,-409.377741234726,-213.294298838067,-196.083442396658
11.432,-407.049414268758,-217.467473350262,-409.718023411781,-213.61520189492,-196.102821516862
11.436,-407.382698892673,-217.777837663516,-410.058922660646,-213.936097827776,-196.122824832871
11.44,-407.716565288271,-218.088183821308,-410.400444574689,-214.256985229942,-196.143459344747
11.444,-408.051018850971,-218.398510576062,-410.742594780951,-214.577862699537,-196.164732081414
11.448,-408.386065009455,-218.708816681896,-411.085378940404,-214.898728839613,-196.186650100791
11.452,-408.721709225933,-219.01910089468,-411.428802748191,-215.219582258268,-196.209220489923
11.456,-409.057956996415,-219.329361972086,-411.772871933876,-215.540421568762,-196.232450365114
11.46,-409.394813850976,-219.639598673642,-412.117592261695,-215.861245389635,-196.256346872059
11.464,-409.732285354026,-219.949809760786,-412.462969530799,-216.182052344817,-196.280917185981
11.468,-410.070377104585,-220.259993996923,-412.809009575502,-216.502841063748,-196.306168511754
11.472,-410.409094736548,-220.570150147468,-413.155718265533,-216.823610181489,-196.332108084044
11.476,-410.748443918959,-220.880276979907,-413.503101506272,-217.144358338836,-196.358743167436
11.48,-411.088430356282,-221.190373263847,-413.851165239006,-217.465084182436,-196.386081056571
11.484,-411.429059788672,-221.500437771067,-414.199915441165,-217.785786364899,-196.414129076266
11.488,-411.770337992248,-221.810469275571,-414.54935812657,-218.10646354491,-196.44289458166
11.492,-412.112270779363,-222.12046655364,-414.899499345675,-218.427114387343,-196.472384958332
11.496,-412.454863998879,-222.430428383882,-415.250345185811,-218.747737563374,-196.502607622437
11.5,-412.798123536437,-222.740353547286,-415.60190177142,-219.06833175059,-196.53357002083
11.504,-413.142055314728,-223.05024082727,-415.954175264302,-219.388895633104,-196.565279631198
11.508,-413.486665293769,-223.360089009732,-416.30717186385,-219.709427901663,-196.597743962187
11.512,-413.831959471172,-223.669896883105,-416.660897807283,-220.029927253758,-196.630970553525
11.516,-414.177943882415,-223.979663238399,-417.015359369888,-220.350392393741,-196.664966976147
11.52,-414.524624601115,-224.289386869261,-417.370562865248,-220.670822032924,-196.699740832323
11.524,-414.872007739296,-224.599066572018,-417.726514645475,-220.991214889698,-196.735299755777
11.528,-415.220099447662,-224.908701145726,-418.083221101439,-221.311569689633,-196.771651411806
11.532,-415.568905915866,-225.218289392224,-418.440688662997,-221.631885165596,-196.808803497401
11.536,-415.918433372775,-225.527830116178,-418.798923799216,-221.952160057848,-196.846763741368
11.54,-416.268688086743,-225.837322125136,-419.157933018598,-222.272393114161,-196.885539904437
11.544,-416.619676365876,-226.146764229568,-419.517722869298,-222.592583089917,-196.925139779381
11.548,-416.971404558294,-226.45615524292,-419.878299939342,-222.912728748219,-196.965571191123
11.552,-417.323879052404,-226.765493981663,-420.239670856843,-223.232828859994,-197.006841996849
11.556,-417.677106277155,-227.074779265333,-420.601842290213,-223.552882204101,-197.048960086112
11.56,-418.031092702304,-227.384009916588,-420.964820948367,-223.87288756743,-197.091933380937
11.564,-418.385844838679,-227.693184761246,-421.328613580934,-224.192843745011,-197.135769835923
11.568,-418.741369238429,-228.002302628339,-421.693226978458,-224.512749540116,-197.180477438342
11.572,-419.097672495292,-228.311362350153,-422.05866797259,-224.83260376436,-197.226064208231
11.576,-419.454761244844,-228.620362762279,-422.42494343629,-225.152405237804,-197.272538198486
11.58,-419.81264216475,-228.929302703656,-422.792060284009,-225.472152789058,-197.319907494952
11.584,-420.171321975021,-229.238181016615,-423.160025471883,-225.791845255378,-197.368180216505
11.588,-420.530807438257,-229.54699654693,-423.528845997908,-226.111481482771,-197.417364515137
11.592,-420.891105359897,-229.855748143855,-423.898528902117,-226.431060326088,-197.467468576029
11.596,-421.252222588458,-230.164434660174,-424.269081266754,-226.750580649133,-197.518500617621
11.6,-421.614166015778,-230.473054952242,-424.640510216439,-227.070041324748,-197.570468891691
11.604,-421.976942577255,-230.781607880031,-425.012822918328,-227.389441234921,-197.623381683407
11.608,-422.340559252077,-231.090092307171,-425.38602658227,-227.70877927088,-197.677247311389
11.612,-422.705023063453,-231.398507100993,-425.760128460952,-228.028054333185,-197.732074127768
11.616,-423.070341078845,-231.706851132577,-426.13513585005,-228.347265331828,-197.787870518222
11.62,-423.436520410186,-232.015123276785,-426.511056088355,-228.666411186326,-197.844644902029
11.624,-423.803568214102,-232.323322412311,-426.887896557914,-228.985490825816,-197.902405732098
11.628,-424.171491692127,-232.631447421718,-427.265664684144,-229.304503189145,-197.961161494999
11.632,-424.54029809091,-232.939497191482,-427.644367935951,-229.623447224966,-198.020920710985
11.636,-424.909994702429,-233.247470612032,-428.02401382584,-229.942321891828,-198.081691934012
11.64,-425.280588864182,-233.555366577789,-428.404609910013,-230.261126158268,-198.143483751745
11.644,-425.652087959392,-233.863183987207,-428.786163788459,-230.579859002898,-198.206304785561
11.648,-426.024499417192,-234.170921742814,-429.168683105041,-230.898519414499,-198.270163690542
11.652,-426.397830712813,-234.478578751251,-429.55217554757,-231.217106392107,-198.335069155463
11.656,-426.772089367762,-234.786153923309,-429.936648847866,-231.535618945099,-198.401029902768
11.66,-427.147282949994,-235.093646173971,-430.32211078182,-231.854056093283,-198.468054688537
11.664,-427.52341907408,-235.401054422445,-430.708569169432,-232.172416866985,-198.536152302447
11.668,-427.900505401369,-235.708377592208,-431.096031874858,-232.490700307131,-198.605331567727
11.672,-428.278549640134,-236.01561461104,-431.48450680642,-232.808905465332,-198.675601341088
11.676,-428.657559545727,-236.322764411062,-431.87400191663,-233.127031403971,-198.746970512659
11.68,-429.037542920708,-236.62982592877,-432.264525202191,-233.445077196283,-198.819448005908
11.684,-429.41850761498,-236.936798105077,-432.656084703984,-233.763041926436,-198.893042777547
11.688,-429.800461525912,-237.243679885345,-433.048688507044,-234.080924689618,-198.967763817426
11.692,-430.183412598444,-237.550470219418,-433.442344740532,-234.39872459211,-199.043620148422
11.696,-430.567368825204,-237.857168061663,-433.837061577681,-234.71644075137,-199.120620826311
11.7,-430.952338246589,-238.163772371002,-434.232847235735,-235.03407229611,-199.198774939626
11.704,-431.338328950861,-238.470282110944,-434.629709975875,-235.351618366375,-199.2780916095
11.708,-431.725349074214,-238.776696249623,-435.027658103124,-235.669078113619,-199.358579989505
11.712,-432.113406800845,-239.083013759829,-435.426699966246,-235.986450700781,-199.440249265465
11.716,-432.502510363002,-239.389233619042,-435.826843957618,-236.303735302361,-199.523108655258
11.72,-432.89266804103,-239.695354809461,-436.228098513098,-236.620931104492,-199.607167408607
11.724,-433.283888163399,-240.001376318044,-436.630472111868,-236.938037305016,-199.692434806852
11.728,-433.676179106725,-240.307297136533,-437.033973276259,-237.255053113556,-199.778920162703
11.732,-434.069549295774,-240.613116261488,-437.438610571564,-237.571977751585,-199.866632819979
11.736,-434.464007203453,-240.918832694318,-437.844392605827,-237.888810452502,-199.955582153326
11.74,-434.859561350793,-241.224445441309,-438.251328029622,-238.205550461694,-200.045777567928
11.744,-435.256220306908,-241.529953513661,-438.659425535793,-238.522197036611,-200.137228499182
11.748,-435.653992688954,-241.835355927508,-439.068693859199,-238.838749446833,-200.229944412365
11.752,-436.052887162054,-242.140651703956,-439.479141776416,-239.155206974135,-200.323934802281
11.756,-436.452912439227,-242.445839869107,-439.890778105432,-239.471568912553,-200.419209192879
11.76,-436.854077281285,-242.75091945409,-440.303611705314,-239.787834568452,-200.515777136862
11.764,-437.25639049672,-243.055889495085,-440.717651475847,-240.104003260586,-200.613648215262
11.768,-437.65986094158,-243.360749033357,-441.132906357161,-240.420074320165,-200.712832036996
11.772,-438.064497519311,-243.665497115276,-441.549385329323,-240.736047090916,-200.813338238408
11.776,-438.470309180596,-243.970132792352,-441.96709741191,-241.051920929142,-200.915176482768
11.78,-438.877304923169,-244.274655121252,-442.386051663552,-241.367695203786,-201.018356459766
11.784,-439.285493791604,-244.579063163834,-442.80625718145,-241.683369296489,-201.122887884961
11.788,-439.694884877094,-244.883355987167,-443.22772310087,-241.998942601646,-201.228780499224
11.792,-440.105487317201,-245.187532663559,-443.650458594603,-242.31441452647,-201.336044068132
11.796,-440.517310295587,-245.491592270581,-444.074472872396,-242.629784491042,-201.444688381355
11.8,-440.93036304172,-245.795533891091,-444.499775180361,-242.945051928366,-201.554723251995
11.804,-441.344654830564,-246.099356613257,-444.926374800341,-243.260216284433,-201.666158515908
11.808,-441.760194982236,-246.403059530582,-445.354281049255,-243.575277018262,-201.779004030993
11.812,-442.176992861642,-246.706641741924,-445.783503278405,-243.890233601964,-201.893269676441
11.816,-442.59505787809,-247.010102351522,-446.214050872747,-244.205085520784,-202.008965351964
11.82,-443.014399484874,-247.313440469016,-446.64593325014,-244.519832273159,-202.12610097698
11.824,-443.43502717883,-247.616655209469,-447.079159860539,-244.834473370767,-202.244686489772
11.828,-443.856950499868,-247.919745693389,-447.513740185172,-245.14900833857,-202.364731846602
11.832,-444.280179030469,-248.222711046746,-447.949683735669,-245.463436714868,-202.486247020801
11.836,-444.70472239516,-248.525550400998,-448.387000053151,-245.777758051344,-202.609242001806
11.84,-445.130590259952,-248.828262893106,-448.825698707286,-246.091971913108,-202.733726794179
11.844,-445.557792331749,-249.130847665558,-449.265789295305,-246.406077878743,-202.859711416561
11.848,-445.986338357728,-249.433303866382,-449.707281440964,-246.720075540351,-202.987205900613
11.852,-446.416238124677,-249.735630649171,-450.150184793484,-247.033964503594,-203.11622028989
11.856,-446.84750145831,-250.037827173096,-450.594509026428,-247.347744387734,-203.246764638694
11.86,-447.280138222537,-250.339892602927,-451.040263836543,-247.661414825677,-203.378849010866
11.864,-447.714158318702,-250.641826109048,-451.487458942558,-247.974975464013,-203.512483478545
11.868,-448.149571684785,-250.943626867477,-451.936104083928,-248.288425963051,-203.647678120877
11.872,-448.586388294564,-251.245294059877,-452.386209019534,-248.601765996864,-203.784443022669
11.876,-449.024618156734,-251.54682687358,-452.837783526333,-248.914995253318,-203.922788273016
11.88,-449.464271313995,-251.848224501592,-453.290837397961,-249.228113434111,-204.062723963849
11.884,-449.905357842089,-252.149486142619,-453.745380443274,-249.541120254814,-204.20426018846
11.888,-450.347887848796,-252.450611001075,-454.20142248485,-249.854015444893,-204.347407039957
11.892,-450.791871472893,-252.751598287097,-454.658973357424,-250.166798747754,-204.49217460967
11.896,-451.237318883058,-253.052447216562,-455.118042906278,-250.479469920766,-204.638572985512
11.9,-451.684240276737,-253.353157011097,-455.578640985566,-250.792028735298,-204.786612250269
11.904,-452.132645878955,-253.653726898093,-456.040777456588,-251.104474976744,-204.936302479844
11.908,-452.582545941087,-253.954156110718,-456.504462185998,-251.416808444557,-205.087653741441
11.912,-453.033950739571,-254.254443887931,-456.96970504396,-251.729028952275,-205.240676091685
11.916,-453.486870574576,-254.554589474488,-457.436515902232,-252.041136327545,-205.395379574687
11.92,-453.941315768612,-254.854592120962,-457.904904632195,-252.353130412154,-205.55177422004
11.924,-454.397296665095,-255.154451083746,-458.374881102816,-252.665011062051,-205.709870040765
11.928,-454.854823626845,-255.454165625066,-458.846455178542,-252.976778147371,-205.869677031171
11.932,-455.313907034538,-255.753735012994,-459.319636717129,-253.288431552461,-206.031205164669
11.936,-455.774557285094,-256.053158521455,-459.794435567406,-253.599971175895,-206.194464391511
11.94,-456.23678479001,-256.352435430234,-460.270861566962,-253.911396930507,-206.359464636455
11.944,-456.700599973629,-256.651565024991,-460.748924539767,-254.222708743398,-206.526215796368
11.948,-457.166013271348,-256.950546597265,-461.228634293722,-254.533906555964,-206.694727737758
11.952,-457.633035127766,-257.249379444482,-461.710000618132,-254.844990323908,-206.865010294223
11.956,-458.101675994761,-257.548062869964,-462.193033281101,-255.155960017264,-207.037073263836
11.96,-458.571946329507,-257.846596182935,-462.677742026861,-255.466815620407,-207.210926406454
11.964,-459.04385659242,-258.144978698532,-463.164136573015,-255.777557132069,-207.386579440946
11.968,-459.517417245035,-258.443209737804,-463.6522266077,-256.088184565357,-207.564042042343
11.972,-459.992638747813,-258.741288627725,-464.142021786676,-256.398697947762,-207.743323838914
11.976,-460.469531557878,-259.039214701196,-464.633531730331,-256.70909732117,-207.92443440916
11.98,-460.948106126674,-259.336987297051,-465.126766020598,-257.019382741881,-208.107383278717
11.984,-461.428372897559,-259.634605760062,-465.6217341978,-257.329554280607,-208.292179917193
11.988,-461.910342303305,-259.932069440943,-466.118445757398,-257.639612022493,-208.478833734905
11.992,-462.394024763539,-260.229377696354,-466.616910146657,-257.949556067117,-208.66735407954
11.996,-462.879430682089,-260.526529888908,-467.117136761225,-258.259386528498,-208.857750232727
12,-463.366570444261,-260.823525387168,-467.619134941625,-258.569103535109,-209.050031406516
